"LOCATION","Country","INDICATOR","Indicator","SEX","Sex","AGE","Age","TIME","Time","Unit Code","Unit","PowerCode Code","PowerCode","Reference Period Code","Reference Period","Value","Flag Codes","Flags"
"NLD","Netherlands","ENT4","Share of women inventors","WOMEN","Women","TOTAL","Total","2000","2000","PC","Percentage","0","Units",,,6.98,,
"NLD","Netherlands","ENT4","Share of women inventors","WOMEN","Women","TOTAL","Total","2001","2001","PC","Percentage","0","Units",,,7.17,,
"NLD","Netherlands","ENT4","Share of women inventors","WOMEN","Women","TOTAL","Total","2002","2002","PC","Percentage","0","Units",,,7.11,,
"NLD","Netherlands","ENT4","Share of women inventors","WOMEN","Women","TOTAL","Total","2003","2003","PC","Percentage","0","Units",,,7.19,,
"NLD","Netherlands","ENT4","Share of women inventors","WOMEN","Women","TOTAL","Total","2004","2004","PC","Percentage","0","Units",,,7.16,,
"NLD","Netherlands","ENT4","Share of women inventors","WOMEN","Women","TOTAL","Total","2005","2005","PC","Percentage","0","Units",,,7.37,,
"NLD","Netherlands","ENT4","Share of women inventors","WOMEN","Women","TOTAL","Total","2006","2006","PC","Percentage","0","Units",,,7.42,,
"NLD","Netherlands","ENT4","Share of women inventors","WOMEN","Women","TOTAL","Total","2007","2007","PC","Percentage","0","Units",,,7.57,,
"NLD","Netherlands","ENT4","Share of women inventors","WOMEN","Women","TOTAL","Total","2008","2008","PC","Percentage","0","Units",,,7.46,,
"NLD","Netherlands","ENT4","Share of women inventors","WOMEN","Women","TOTAL","Total","2009","2009","PC","Percentage","0","Units",,,7.71,,
"NLD","Netherlands","ENT4","Share of women inventors","WOMEN","Women","TOTAL","Total","2010","2010","PC","Percentage","0","Units",,,8.04,,
"NLD","Netherlands","ENT4","Share of women inventors","WOMEN","Women","TOTAL","Total","2011","2011","PC","Percentage","0","Units",,,8.61,,
"NLD","Netherlands","ENT4","Share of women inventors","WOMEN","Women","TOTAL","Total","2012","2012","PC","Percentage","0","Units",,,9.07,,
"NLD","Netherlands","ENT4","Share of women inventors","WOMEN","Women","TOTAL","Total","2013","2013","PC","Percentage","0","Units",,,9.17,,
"NLD","Netherlands","ENT4","Share of women inventors","WOMEN","Women","TOTAL","Total","2014","2014","PC","Percentage","0","Units",,,9.28,,
"NLD","Netherlands","ENT4","Share of women inventors","WOMEN","Women","TOTAL","Total","2015","2015","PC","Percentage","0","Units",,,9.33,,
"NLD","Netherlands","ENT4","Share of women inventors","WOMEN","Women","TOTAL","Total","2016","2016","PC","Percentage","0","Units",,,9.29,,
"NLD","Netherlands","ENT4","Share of women inventors","WOMEN","Women","TOTAL","Total","2017","2017","PC","Percentage","0","Units",,,9.29,,
"GRC","Greece","ENT4","Share of women inventors","WOMEN","Women","TOTAL","Total","2000","2000","PC","Percentage","0","Units",,,11.28,,
"GRC","Greece","ENT4","Share of women inventors","WOMEN","Women","TOTAL","Total","2001","2001","PC","Percentage","0","Units",,,12.56,,
"GRC","Greece","ENT4","Share of women inventors","WOMEN","Women","TOTAL","Total","2002","2002","PC","Percentage","0","Units",,,13.85,,
"GRC","Greece","ENT4","Share of women inventors","WOMEN","Women","TOTAL","Total","2003","2003","PC","Percentage","0","Units",,,13.91,,
"GRC","Greece","ENT4","Share of women inventors","WOMEN","Women","TOTAL","Total","2004","2004","PC","Percentage","0","Units",,,11.8,,
"GRC","Greece","ENT4","Share of women inventors","WOMEN","Women","TOTAL","Total","2005","2005","PC","Percentage","0","Units",,,10.07,,
"GRC","Greece","ENT4","Share of women inventors","WOMEN","Women","TOTAL","Total","2006","2006","PC","Percentage","0","Units",,,12.05,,
"GRC","Greece","ENT4","Share of women inventors","WOMEN","Women","TOTAL","Total","2007","2007","PC","Percentage","0","Units",,,11.92,,
"GRC","Greece","ENT4","Share of women inventors","WOMEN","Women","TOTAL","Total","2008","2008","PC","Percentage","0","Units",,,11.7,,
"GRC","Greece","ENT4","Share of women inventors","WOMEN","Women","TOTAL","Total","2009","2009","PC","Percentage","0","Units",,,10.63,,
"GRC","Greece","ENT4","Share of women inventors","WOMEN","Women","TOTAL","Total","2010","2010","PC","Percentage","0","Units",,,11.17,,
"GRC","Greece","ENT4","Share of women inventors","WOMEN","Women","TOTAL","Total","2011","2011","PC","Percentage","0","Units",,,10.65,,
"GRC","Greece","ENT4","Share of women inventors","WOMEN","Women","TOTAL","Total","2012","2012","PC","Percentage","0","Units",,,10.41,,
"GRC","Greece","ENT4","Share of women inventors","WOMEN","Women","TOTAL","Total","2013","2013","PC","Percentage","0","Units",,,10.72,,
"GRC","Greece","ENT4","Share of women inventors","WOMEN","Women","TOTAL","Total","2014","2014","PC","Percentage","0","Units",,,11.82,,
"GRC","Greece","ENT4","Share of women inventors","WOMEN","Women","TOTAL","Total","2015","2015","PC","Percentage","0","Units",,,13.05,,
"GRC","Greece","ENT4","Share of women inventors","WOMEN","Women","TOTAL","Total","2016","2016","PC","Percentage","0","Units",,,12.86,,
"GRC","Greece","ENT4","Share of women inventors","WOMEN","Women","TOTAL","Total","2017","2017","PC","Percentage","0","Units",,,12.79,,
"RUS","Russia","ENT4","Share of women inventors","WOMEN","Women","TOTAL","Total","2000","2000","PC","Percentage","0","Units",,,9.46,,
"RUS","Russia","ENT4","Share of women inventors","WOMEN","Women","TOTAL","Total","2001","2001","PC","Percentage","0","Units",,,10.22,,
"RUS","Russia","ENT4","Share of women inventors","WOMEN","Women","TOTAL","Total","2002","2002","PC","Percentage","0","Units",,,12.19,,
"RUS","Russia","ENT4","Share of women inventors","WOMEN","Women","TOTAL","Total","2003","2003","PC","Percentage","0","Units",,,13.7,,
"RUS","Russia","ENT4","Share of women inventors","WOMEN","Women","TOTAL","Total","2004","2004","PC","Percentage","0","Units",,,14.46,,
"RUS","Russia","ENT4","Share of women inventors","WOMEN","Women","TOTAL","Total","2005","2005","PC","Percentage","0","Units",,,15.59,,
"RUS","Russia","ENT4","Share of women inventors","WOMEN","Women","TOTAL","Total","2006","2006","PC","Percentage","0","Units",,,17.43,,
"RUS","Russia","ENT4","Share of women inventors","WOMEN","Women","TOTAL","Total","2007","2007","PC","Percentage","0","Units",,,15.77,,
"RUS","Russia","ENT4","Share of women inventors","WOMEN","Women","TOTAL","Total","2008","2008","PC","Percentage","0","Units",,,16.19,,
"RUS","Russia","ENT4","Share of women inventors","WOMEN","Women","TOTAL","Total","2009","2009","PC","Percentage","0","Units",,,16.34,,
"RUS","Russia","ENT4","Share of women inventors","WOMEN","Women","TOTAL","Total","2010","2010","PC","Percentage","0","Units",,,16.97,,
"RUS","Russia","ENT4","Share of women inventors","WOMEN","Women","TOTAL","Total","2011","2011","PC","Percentage","0","Units",,,17.16,,
"RUS","Russia","ENT4","Share of women inventors","WOMEN","Women","TOTAL","Total","2012","2012","PC","Percentage","0","Units",,,17.17,,
"RUS","Russia","ENT4","Share of women inventors","WOMEN","Women","TOTAL","Total","2013","2013","PC","Percentage","0","Units",,,17.38,,
"RUS","Russia","ENT4","Share of women inventors","WOMEN","Women","TOTAL","Total","2014","2014","PC","Percentage","0","Units",,,16.63,,
"RUS","Russia","ENT4","Share of women inventors","WOMEN","Women","TOTAL","Total","2015","2015","PC","Percentage","0","Units",,,17.36,,
"RUS","Russia","ENT4","Share of women inventors","WOMEN","Women","TOTAL","Total","2016","2016","PC","Percentage","0","Units",,,17.22,,
"RUS","Russia","ENT4","Share of women inventors","WOMEN","Women","TOTAL","Total","2017","2017","PC","Percentage","0","Units",,,18.13,,
"CZE","Czech Republic","ENT4","Share of women inventors","WOMEN","Women","TOTAL","Total","2000","2000","PC","Percentage","0","Units",,,6.3,,
"CZE","Czech Republic","ENT4","Share of women inventors","WOMEN","Women","TOTAL","Total","2001","2001","PC","Percentage","0","Units",,,6.65,,
"CZE","Czech Republic","ENT4","Share of women inventors","WOMEN","Women","TOTAL","Total","2002","2002","PC","Percentage","0","Units",,,7.22,,
"CZE","Czech Republic","ENT4","Share of women inventors","WOMEN","Women","TOTAL","Total","2003","2003","PC","Percentage","0","Units",,,7.81,,
"CZE","Czech Republic","ENT4","Share of women inventors","WOMEN","Women","TOTAL","Total","2004","2004","PC","Percentage","0","Units",,,8.33,,
"CZE","Czech Republic","ENT4","Share of women inventors","WOMEN","Women","TOTAL","Total","2005","2005","PC","Percentage","0","Units",,,7.93,,
"CZE","Czech Republic","ENT4","Share of women inventors","WOMEN","Women","TOTAL","Total","2006","2006","PC","Percentage","0","Units",,,7.26,,
"CZE","Czech Republic","ENT4","Share of women inventors","WOMEN","Women","TOTAL","Total","2007","2007","PC","Percentage","0","Units",,,7.84,,
"CZE","Czech Republic","ENT4","Share of women inventors","WOMEN","Women","TOTAL","Total","2008","2008","PC","Percentage","0","Units",,,7.66,,
"CZE","Czech Republic","ENT4","Share of women inventors","WOMEN","Women","TOTAL","Total","2009","2009","PC","Percentage","0","Units",,,8.43,,
"CZE","Czech Republic","ENT4","Share of women inventors","WOMEN","Women","TOTAL","Total","2010","2010","PC","Percentage","0","Units",,,8.87,,
"CZE","Czech Republic","ENT4","Share of women inventors","WOMEN","Women","TOTAL","Total","2011","2011","PC","Percentage","0","Units",,,9.46,,
"CZE","Czech Republic","ENT4","Share of women inventors","WOMEN","Women","TOTAL","Total","2012","2012","PC","Percentage","0","Units",,,10.13,,
"CZE","Czech Republic","ENT4","Share of women inventors","WOMEN","Women","TOTAL","Total","2013","2013","PC","Percentage","0","Units",,,10.04,,
"CZE","Czech Republic","ENT4","Share of women inventors","WOMEN","Women","TOTAL","Total","2014","2014","PC","Percentage","0","Units",,,10.51,,
"CZE","Czech Republic","ENT4","Share of women inventors","WOMEN","Women","TOTAL","Total","2015","2015","PC","Percentage","0","Units",,,9.96,,
"CZE","Czech Republic","ENT4","Share of women inventors","WOMEN","Women","TOTAL","Total","2016","2016","PC","Percentage","0","Units",,,10.54,,
"CZE","Czech Republic","ENT4","Share of women inventors","WOMEN","Women","TOTAL","Total","2017","2017","PC","Percentage","0","Units",,,10.56,,
"GBR","United Kingdom","ENT4","Share of women inventors","WOMEN","Women","TOTAL","Total","2000","2000","PC","Percentage","0","Units",,,7.55,,
"GBR","United Kingdom","ENT4","Share of women inventors","WOMEN","Women","TOTAL","Total","2001","2001","PC","Percentage","0","Units",,,7.6,,
"GBR","United Kingdom","ENT4","Share of women inventors","WOMEN","Women","TOTAL","Total","2002","2002","PC","Percentage","0","Units",,,7.55,,
"GBR","United Kingdom","ENT4","Share of women inventors","WOMEN","Women","TOTAL","Total","2003","2003","PC","Percentage","0","Units",,,7.75,,
"GBR","United Kingdom","ENT4","Share of women inventors","WOMEN","Women","TOTAL","Total","2004","2004","PC","Percentage","0","Units",,,7.95,,
"GBR","United Kingdom","ENT4","Share of women inventors","WOMEN","Women","TOTAL","Total","2005","2005","PC","Percentage","0","Units",,,8.24,,
"GBR","United Kingdom","ENT4","Share of women inventors","WOMEN","Women","TOTAL","Total","2006","2006","PC","Percentage","0","Units",,,8.76,,
"GBR","United Kingdom","ENT4","Share of women inventors","WOMEN","Women","TOTAL","Total","2007","2007","PC","Percentage","0","Units",,,8.56,,
"GBR","United Kingdom","ENT4","Share of women inventors","WOMEN","Women","TOTAL","Total","2008","2008","PC","Percentage","0","Units",,,8.6,,
"GBR","United Kingdom","ENT4","Share of women inventors","WOMEN","Women","TOTAL","Total","2009","2009","PC","Percentage","0","Units",,,8.44,,
"GBR","United Kingdom","ENT4","Share of women inventors","WOMEN","Women","TOTAL","Total","2010","2010","PC","Percentage","0","Units",,,8.33,,
"GBR","United Kingdom","ENT4","Share of women inventors","WOMEN","Women","TOTAL","Total","2011","2011","PC","Percentage","0","Units",,,8.28,,
"GBR","United Kingdom","ENT4","Share of women inventors","WOMEN","Women","TOTAL","Total","2012","2012","PC","Percentage","0","Units",,,8.34,,
"GBR","United Kingdom","ENT4","Share of women inventors","WOMEN","Women","TOTAL","Total","2013","2013","PC","Percentage","0","Units",,,8.54,,
"GBR","United Kingdom","ENT4","Share of women inventors","WOMEN","Women","TOTAL","Total","2014","2014","PC","Percentage","0","Units",,,8.86,,
"GBR","United Kingdom","ENT4","Share of women inventors","WOMEN","Women","TOTAL","Total","2015","2015","PC","Percentage","0","Units",,,9.11,,
"GBR","United Kingdom","ENT4","Share of women inventors","WOMEN","Women","TOTAL","Total","2016","2016","PC","Percentage","0","Units",,,9.25,,
"GBR","United Kingdom","ENT4","Share of women inventors","WOMEN","Women","TOTAL","Total","2017","2017","PC","Percentage","0","Units",,,9.13,,
"LUX","Luxembourg","ENT4","Share of women inventors","WOMEN","Women","TOTAL","Total","2000","2000","PC","Percentage","0","Units",,,3.01,,
"LUX","Luxembourg","ENT4","Share of women inventors","WOMEN","Women","TOTAL","Total","2001","2001","PC","Percentage","0","Units",,,3.51,,
"LUX","Luxembourg","ENT4","Share of women inventors","WOMEN","Women","TOTAL","Total","2002","2002","PC","Percentage","0","Units",,,3.33,,
"LUX","Luxembourg","ENT4","Share of women inventors","WOMEN","Women","TOTAL","Total","2003","2003","PC","Percentage","0","Units",,,4.26,,
"LUX","Luxembourg","ENT4","Share of women inventors","WOMEN","Women","TOTAL","Total","2004","2004","PC","Percentage","0","Units",,,4.45,,
"LUX","Luxembourg","ENT4","Share of women inventors","WOMEN","Women","TOTAL","Total","2005","2005","PC","Percentage","0","Units",,,5.72,,
"LUX","Luxembourg","ENT4","Share of women inventors","WOMEN","Women","TOTAL","Total","2006","2006","PC","Percentage","0","Units",,,6.49,,
"LUX","Luxembourg","ENT4","Share of women inventors","WOMEN","Women","TOTAL","Total","2007","2007","PC","Percentage","0","Units",,,7.47,,
"LUX","Luxembourg","ENT4","Share of women inventors","WOMEN","Women","TOTAL","Total","2008","2008","PC","Percentage","0","Units",,,6.53,,
"LUX","Luxembourg","ENT4","Share of women inventors","WOMEN","Women","TOTAL","Total","2009","2009","PC","Percentage","0","Units",,,6.58,,
"LUX","Luxembourg","ENT4","Share of women inventors","WOMEN","Women","TOTAL","Total","2010","2010","PC","Percentage","0","Units",,,6.54,,
"LUX","Luxembourg","ENT4","Share of women inventors","WOMEN","Women","TOTAL","Total","2011","2011","PC","Percentage","0","Units",,,7.93,,
"LUX","Luxembourg","ENT4","Share of women inventors","WOMEN","Women","TOTAL","Total","2012","2012","PC","Percentage","0","Units",,,8.4,,
"LUX","Luxembourg","ENT4","Share of women inventors","WOMEN","Women","TOTAL","Total","2013","2013","PC","Percentage","0","Units",,,8.08,,
"LUX","Luxembourg","ENT4","Share of women inventors","WOMEN","Women","TOTAL","Total","2014","2014","PC","Percentage","0","Units",,,7.77,,
"LUX","Luxembourg","ENT4","Share of women inventors","WOMEN","Women","TOTAL","Total","2015","2015","PC","Percentage","0","Units",,,8.13,,
"LUX","Luxembourg","ENT4","Share of women inventors","WOMEN","Women","TOTAL","Total","2016","2016","PC","Percentage","0","Units",,,8.2,,
"LUX","Luxembourg","ENT4","Share of women inventors","WOMEN","Women","TOTAL","Total","2017","2017","PC","Percentage","0","Units",,,8.35,,
"SVK","Slovak Republic","ENT4","Share of women inventors","WOMEN","Women","TOTAL","Total","2000","2000","PC","Percentage","0","Units",,,8.82,,
"SVK","Slovak Republic","ENT4","Share of women inventors","WOMEN","Women","TOTAL","Total","2001","2001","PC","Percentage","0","Units",,,7.32,,
"SVK","Slovak Republic","ENT4","Share of women inventors","WOMEN","Women","TOTAL","Total","2002","2002","PC","Percentage","0","Units",,,9.16,,
"SVK","Slovak Republic","ENT4","Share of women inventors","WOMEN","Women","TOTAL","Total","2003","2003","PC","Percentage","0","Units",,,8.57,,
"SVK","Slovak Republic","ENT4","Share of women inventors","WOMEN","Women","TOTAL","Total","2004","2004","PC","Percentage","0","Units",,,9.87,,
"SVK","Slovak Republic","ENT4","Share of women inventors","WOMEN","Women","TOTAL","Total","2005","2005","PC","Percentage","0","Units",,,9.68,,
"SVK","Slovak Republic","ENT4","Share of women inventors","WOMEN","Women","TOTAL","Total","2006","2006","PC","Percentage","0","Units",,,11.28,,
"SVK","Slovak Republic","ENT4","Share of women inventors","WOMEN","Women","TOTAL","Total","2007","2007","PC","Percentage","0","Units",,,11.34,,
"SVK","Slovak Republic","ENT4","Share of women inventors","WOMEN","Women","TOTAL","Total","2008","2008","PC","Percentage","0","Units",,,10.77,,
"SVK","Slovak Republic","ENT4","Share of women inventors","WOMEN","Women","TOTAL","Total","2009","2009","PC","Percentage","0","Units",,,10.24,,
"SVK","Slovak Republic","ENT4","Share of women inventors","WOMEN","Women","TOTAL","Total","2010","2010","PC","Percentage","0","Units",,,9.58,,
"SVK","Slovak Republic","ENT4","Share of women inventors","WOMEN","Women","TOTAL","Total","2011","2011","PC","Percentage","0","Units",,,11.35,,
"SVK","Slovak Republic","ENT4","Share of women inventors","WOMEN","Women","TOTAL","Total","2012","2012","PC","Percentage","0","Units",,,11.84,,
"SVK","Slovak Republic","ENT4","Share of women inventors","WOMEN","Women","TOTAL","Total","2013","2013","PC","Percentage","0","Units",,,12.43,,
"SVK","Slovak Republic","ENT4","Share of women inventors","WOMEN","Women","TOTAL","Total","2014","2014","PC","Percentage","0","Units",,,10.59,,
"SVK","Slovak Republic","ENT4","Share of women inventors","WOMEN","Women","TOTAL","Total","2015","2015","PC","Percentage","0","Units",,,10.54,,
"SVK","Slovak Republic","ENT4","Share of women inventors","WOMEN","Women","TOTAL","Total","2016","2016","PC","Percentage","0","Units",,,9.75,,
"SVK","Slovak Republic","ENT4","Share of women inventors","WOMEN","Women","TOTAL","Total","2017","2017","PC","Percentage","0","Units",,,9.93,,
"ISL","Iceland","ENT4","Share of women inventors","WOMEN","Women","TOTAL","Total","2000","2000","PC","Percentage","0","Units",,,7.47,,
"ISL","Iceland","ENT4","Share of women inventors","WOMEN","Women","TOTAL","Total","2001","2001","PC","Percentage","0","Units",,,7.7,,
"ISL","Iceland","ENT4","Share of women inventors","WOMEN","Women","TOTAL","Total","2002","2002","PC","Percentage","0","Units",,,8.72,,
"ISL","Iceland","ENT4","Share of women inventors","WOMEN","Women","TOTAL","Total","2003","2003","PC","Percentage","0","Units",,,8.9,,
"ISL","Iceland","ENT4","Share of women inventors","WOMEN","Women","TOTAL","Total","2004","2004","PC","Percentage","0","Units",,,9.53,,
"ISL","Iceland","ENT4","Share of women inventors","WOMEN","Women","TOTAL","Total","2005","2005","PC","Percentage","0","Units",,,10.59,,
"ISL","Iceland","ENT4","Share of women inventors","WOMEN","Women","TOTAL","Total","2006","2006","PC","Percentage","0","Units",,,11.03,,
"ISL","Iceland","ENT4","Share of women inventors","WOMEN","Women","TOTAL","Total","2007","2007","PC","Percentage","0","Units",,,7.96,"B","Break"
"ISL","Iceland","ENT4","Share of women inventors","WOMEN","Women","TOTAL","Total","2008","2008","PC","Percentage","0","Units",,,8.23,,
"ISL","Iceland","ENT4","Share of women inventors","WOMEN","Women","TOTAL","Total","2009","2009","PC","Percentage","0","Units",,,8.39,,
"ISL","Iceland","ENT4","Share of women inventors","WOMEN","Women","TOTAL","Total","2010","2010","PC","Percentage","0","Units",,,9.19,,
"ISL","Iceland","ENT4","Share of women inventors","WOMEN","Women","TOTAL","Total","2011","2011","PC","Percentage","0","Units",,,9.13,,
"ISL","Iceland","ENT4","Share of women inventors","WOMEN","Women","TOTAL","Total","2012","2012","PC","Percentage","0","Units",,,8.89,,
"ISL","Iceland","ENT4","Share of women inventors","WOMEN","Women","TOTAL","Total","2013","2013","PC","Percentage","0","Units",,,9.88,,
"ISL","Iceland","ENT4","Share of women inventors","WOMEN","Women","TOTAL","Total","2014","2014","PC","Percentage","0","Units",,,9.63,,
"ISL","Iceland","ENT4","Share of women inventors","WOMEN","Women","TOTAL","Total","2015","2015","PC","Percentage","0","Units",,,9.42,,
"ISL","Iceland","ENT4","Share of women inventors","WOMEN","Women","TOTAL","Total","2016","2016","PC","Percentage","0","Units",,,9.16,,
"ISL","Iceland","ENT4","Share of women inventors","WOMEN","Women","TOTAL","Total","2017","2017","PC","Percentage","0","Units",,,9.81,,
"CHE","Switzerland","ENT4","Share of women inventors","WOMEN","Women","TOTAL","Total","2000","2000","PC","Percentage","0","Units",,,5.83,,
"CHE","Switzerland","ENT4","Share of women inventors","WOMEN","Women","TOTAL","Total","2001","2001","PC","Percentage","0","Units",,,6.36,,
"CHE","Switzerland","ENT4","Share of women inventors","WOMEN","Women","TOTAL","Total","2002","2002","PC","Percentage","0","Units",,,6.56,,
"CHE","Switzerland","ENT4","Share of women inventors","WOMEN","Women","TOTAL","Total","2003","2003","PC","Percentage","0","Units",,,7.31,,
"CHE","Switzerland","ENT4","Share of women inventors","WOMEN","Women","TOTAL","Total","2004","2004","PC","Percentage","0","Units",,,7.65,,
"CHE","Switzerland","ENT4","Share of women inventors","WOMEN","Women","TOTAL","Total","2005","2005","PC","Percentage","0","Units",,,8,,
"CHE","Switzerland","ENT4","Share of women inventors","WOMEN","Women","TOTAL","Total","2006","2006","PC","Percentage","0","Units",,,8.62,,
"CHE","Switzerland","ENT4","Share of women inventors","WOMEN","Women","TOTAL","Total","2007","2007","PC","Percentage","0","Units",,,9.67,,
"CHE","Switzerland","ENT4","Share of women inventors","WOMEN","Women","TOTAL","Total","2008","2008","PC","Percentage","0","Units",,,9.28,,
"CHE","Switzerland","ENT4","Share of women inventors","WOMEN","Women","TOTAL","Total","2009","2009","PC","Percentage","0","Units",,,9.68,,
"CHE","Switzerland","ENT4","Share of women inventors","WOMEN","Women","TOTAL","Total","2010","2010","PC","Percentage","0","Units",,,9.5,,
"CHE","Switzerland","ENT4","Share of women inventors","WOMEN","Women","TOTAL","Total","2011","2011","PC","Percentage","0","Units",,,10.18,,
"CHE","Switzerland","ENT4","Share of women inventors","WOMEN","Women","TOTAL","Total","2012","2012","PC","Percentage","0","Units",,,10.05,,
"CHE","Switzerland","ENT4","Share of women inventors","WOMEN","Women","TOTAL","Total","2013","2013","PC","Percentage","0","Units",,,10.24,,
"CHE","Switzerland","ENT4","Share of women inventors","WOMEN","Women","TOTAL","Total","2014","2014","PC","Percentage","0","Units",,,10.13,,
"CHE","Switzerland","ENT4","Share of women inventors","WOMEN","Women","TOTAL","Total","2015","2015","PC","Percentage","0","Units",,,10.46,,
"CHE","Switzerland","ENT4","Share of women inventors","WOMEN","Women","TOTAL","Total","2016","2016","PC","Percentage","0","Units",,,10.39,,
"CHE","Switzerland","ENT4","Share of women inventors","WOMEN","Women","TOTAL","Total","2017","2017","PC","Percentage","0","Units",,,10.47,,
"FRA","France","ENT4","Share of women inventors","WOMEN","Women","TOTAL","Total","2000","2000","PC","Percentage","0","Units",,,10.61,,
"FRA","France","ENT4","Share of women inventors","WOMEN","Women","TOTAL","Total","2001","2001","PC","Percentage","0","Units",,,10.99,,
"FRA","France","ENT4","Share of women inventors","WOMEN","Women","TOTAL","Total","2002","2002","PC","Percentage","0","Units",,,11.47,,
"FRA","France","ENT4","Share of women inventors","WOMEN","Women","TOTAL","Total","2003","2003","PC","Percentage","0","Units",,,11.92,,
"FRA","France","ENT4","Share of women inventors","WOMEN","Women","TOTAL","Total","2004","2004","PC","Percentage","0","Units",,,12.21,,
"FRA","France","ENT4","Share of women inventors","WOMEN","Women","TOTAL","Total","2005","2005","PC","Percentage","0","Units",,,12.12,,
"FRA","France","ENT4","Share of women inventors","WOMEN","Women","TOTAL","Total","2006","2006","PC","Percentage","0","Units",,,12.1,,
"FRA","France","ENT4","Share of women inventors","WOMEN","Women","TOTAL","Total","2007","2007","PC","Percentage","0","Units",,,12.22,,
"FRA","France","ENT4","Share of women inventors","WOMEN","Women","TOTAL","Total","2008","2008","PC","Percentage","0","Units",,,12.25,,
"FRA","France","ENT4","Share of women inventors","WOMEN","Women","TOTAL","Total","2009","2009","PC","Percentage","0","Units",,,12.31,,
"FRA","France","ENT4","Share of women inventors","WOMEN","Women","TOTAL","Total","2010","2010","PC","Percentage","0","Units",,,12.44,,
"FRA","France","ENT4","Share of women inventors","WOMEN","Women","TOTAL","Total","2011","2011","PC","Percentage","0","Units",,,12.58,,
"FRA","France","ENT4","Share of women inventors","WOMEN","Women","TOTAL","Total","2012","2012","PC","Percentage","0","Units",,,12.44,,
"FRA","France","ENT4","Share of women inventors","WOMEN","Women","TOTAL","Total","2013","2013","PC","Percentage","0","Units",,,12.56,,
"FRA","France","ENT4","Share of women inventors","WOMEN","Women","TOTAL","Total","2014","2014","PC","Percentage","0","Units",,,12.47,,
"FRA","France","ENT4","Share of women inventors","WOMEN","Women","TOTAL","Total","2015","2015","PC","Percentage","0","Units",,,12.56,,
"FRA","France","ENT4","Share of women inventors","WOMEN","Women","TOTAL","Total","2016","2016","PC","Percentage","0","Units",,,12.37,,
"FRA","France","ENT4","Share of women inventors","WOMEN","Women","TOTAL","Total","2017","2017","PC","Percentage","0","Units",,,12.33,,
"POL","Poland","ENT4","Share of women inventors","WOMEN","Women","TOTAL","Total","2000","2000","PC","Percentage","0","Units",,,9.66,,
"POL","Poland","ENT4","Share of women inventors","WOMEN","Women","TOTAL","Total","2001","2001","PC","Percentage","0","Units",,,9.63,,
"POL","Poland","ENT4","Share of women inventors","WOMEN","Women","TOTAL","Total","2002","2002","PC","Percentage","0","Units",,,9.99,,
"POL","Poland","ENT4","Share of women inventors","WOMEN","Women","TOTAL","Total","2003","2003","PC","Percentage","0","Units",,,10.02,,
"POL","Poland","ENT4","Share of women inventors","WOMEN","Women","TOTAL","Total","2004","2004","PC","Percentage","0","Units",,,10.02,,
"POL","Poland","ENT4","Share of women inventors","WOMEN","Women","TOTAL","Total","2005","2005","PC","Percentage","0","Units",,,10.3,,
"POL","Poland","ENT4","Share of women inventors","WOMEN","Women","TOTAL","Total","2006","2006","PC","Percentage","0","Units",,,11.28,,
"POL","Poland","ENT4","Share of women inventors","WOMEN","Women","TOTAL","Total","2007","2007","PC","Percentage","0","Units",,,12.13,,
"POL","Poland","ENT4","Share of women inventors","WOMEN","Women","TOTAL","Total","2008","2008","PC","Percentage","0","Units",,,12.55,,
"POL","Poland","ENT4","Share of women inventors","WOMEN","Women","TOTAL","Total","2009","2009","PC","Percentage","0","Units",,,13.26,,
"POL","Poland","ENT4","Share of women inventors","WOMEN","Women","TOTAL","Total","2010","2010","PC","Percentage","0","Units",,,13.28,,
"POL","Poland","ENT4","Share of women inventors","WOMEN","Women","TOTAL","Total","2011","2011","PC","Percentage","0","Units",,,13.19,,
"POL","Poland","ENT4","Share of women inventors","WOMEN","Women","TOTAL","Total","2012","2012","PC","Percentage","0","Units",,,13.38,,
"POL","Poland","ENT4","Share of women inventors","WOMEN","Women","TOTAL","Total","2013","2013","PC","Percentage","0","Units",,,14.09,,
"POL","Poland","ENT4","Share of women inventors","WOMEN","Women","TOTAL","Total","2014","2014","PC","Percentage","0","Units",,,14.37,,
"POL","Poland","ENT4","Share of women inventors","WOMEN","Women","TOTAL","Total","2015","2015","PC","Percentage","0","Units",,,14.26,,
"POL","Poland","ENT4","Share of women inventors","WOMEN","Women","TOTAL","Total","2016","2016","PC","Percentage","0","Units",,,13.79,,
"POL","Poland","ENT4","Share of women inventors","WOMEN","Women","TOTAL","Total","2017","2017","PC","Percentage","0","Units",,,13.72,,
"BEL","Belgium","ENT4","Share of women inventors","WOMEN","Women","TOTAL","Total","2000","2000","PC","Percentage","0","Units",,,11.08,,
"BEL","Belgium","ENT4","Share of women inventors","WOMEN","Women","TOTAL","Total","2001","2001","PC","Percentage","0","Units",,,11.5,,
"BEL","Belgium","ENT4","Share of women inventors","WOMEN","Women","TOTAL","Total","2002","2002","PC","Percentage","0","Units",,,10.45,,
"BEL","Belgium","ENT4","Share of women inventors","WOMEN","Women","TOTAL","Total","2003","2003","PC","Percentage","0","Units",,,10.14,,
"BEL","Belgium","ENT4","Share of women inventors","WOMEN","Women","TOTAL","Total","2004","2004","PC","Percentage","0","Units",,,10.07,,
"BEL","Belgium","ENT4","Share of women inventors","WOMEN","Women","TOTAL","Total","2005","2005","PC","Percentage","0","Units",,,10.26,,
"BEL","Belgium","ENT4","Share of women inventors","WOMEN","Women","TOTAL","Total","2006","2006","PC","Percentage","0","Units",,,11.29,,
"BEL","Belgium","ENT4","Share of women inventors","WOMEN","Women","TOTAL","Total","2007","2007","PC","Percentage","0","Units",,,11.8,,
"BEL","Belgium","ENT4","Share of women inventors","WOMEN","Women","TOTAL","Total","2008","2008","PC","Percentage","0","Units",,,11.84,,
"BEL","Belgium","ENT4","Share of women inventors","WOMEN","Women","TOTAL","Total","2009","2009","PC","Percentage","0","Units",,,12.06,,
"BEL","Belgium","ENT4","Share of women inventors","WOMEN","Women","TOTAL","Total","2010","2010","PC","Percentage","0","Units",,,12.2,,
"BEL","Belgium","ENT4","Share of women inventors","WOMEN","Women","TOTAL","Total","2011","2011","PC","Percentage","0","Units",,,12.67,,
"BEL","Belgium","ENT4","Share of women inventors","WOMEN","Women","TOTAL","Total","2012","2012","PC","Percentage","0","Units",,,12.34,,
"BEL","Belgium","ENT4","Share of women inventors","WOMEN","Women","TOTAL","Total","2013","2013","PC","Percentage","0","Units",,,11.77,,
"BEL","Belgium","ENT4","Share of women inventors","WOMEN","Women","TOTAL","Total","2014","2014","PC","Percentage","0","Units",,,10.93,,
"BEL","Belgium","ENT4","Share of women inventors","WOMEN","Women","TOTAL","Total","2015","2015","PC","Percentage","0","Units",,,10.86,,
"BEL","Belgium","ENT4","Share of women inventors","WOMEN","Women","TOTAL","Total","2016","2016","PC","Percentage","0","Units",,,11.23,,
"BEL","Belgium","ENT4","Share of women inventors","WOMEN","Women","TOTAL","Total","2017","2017","PC","Percentage","0","Units",,,11.45,,
"ISR","Israel","ENT4","Share of women inventors","WOMEN","Women","TOTAL","Total","2000","2000","PC","Percentage","0","Units",,,10.29,,
"ISR","Israel","ENT4","Share of women inventors","WOMEN","Women","TOTAL","Total","2001","2001","PC","Percentage","0","Units",,,10.71,,
"ISR","Israel","ENT4","Share of women inventors","WOMEN","Women","TOTAL","Total","2002","2002","PC","Percentage","0","Units",,,11.11,,
"ISR","Israel","ENT4","Share of women inventors","WOMEN","Women","TOTAL","Total","2003","2003","PC","Percentage","0","Units",,,11.97,,
"ISR","Israel","ENT4","Share of women inventors","WOMEN","Women","TOTAL","Total","2004","2004","PC","Percentage","0","Units",,,12.84,,
"ISR","Israel","ENT4","Share of women inventors","WOMEN","Women","TOTAL","Total","2005","2005","PC","Percentage","0","Units",,,13.19,,
"ISR","Israel","ENT4","Share of women inventors","WOMEN","Women","TOTAL","Total","2006","2006","PC","Percentage","0","Units",,,11.03,,
"ISR","Israel","ENT4","Share of women inventors","WOMEN","Women","TOTAL","Total","2007","2007","PC","Percentage","0","Units",,,12.18,,
"ISR","Israel","ENT4","Share of women inventors","WOMEN","Women","TOTAL","Total","2008","2008","PC","Percentage","0","Units",,,12.05,,
"ISR","Israel","ENT4","Share of women inventors","WOMEN","Women","TOTAL","Total","2009","2009","PC","Percentage","0","Units",,,11.58,,
"ISR","Israel","ENT4","Share of women inventors","WOMEN","Women","TOTAL","Total","2010","2010","PC","Percentage","0","Units",,,11.02,,
"ISR","Israel","ENT4","Share of women inventors","WOMEN","Women","TOTAL","Total","2011","2011","PC","Percentage","0","Units",,,10.59,,
"ISR","Israel","ENT4","Share of women inventors","WOMEN","Women","TOTAL","Total","2012","2012","PC","Percentage","0","Units",,,10.87,,
"ISR","Israel","ENT4","Share of women inventors","WOMEN","Women","TOTAL","Total","2013","2013","PC","Percentage","0","Units",,,11.07,,
"ISR","Israel","ENT4","Share of women inventors","WOMEN","Women","TOTAL","Total","2014","2014","PC","Percentage","0","Units",,,11.33,,
"ISR","Israel","ENT4","Share of women inventors","WOMEN","Women","TOTAL","Total","2015","2015","PC","Percentage","0","Units",,,10.97,,
"ISR","Israel","ENT4","Share of women inventors","WOMEN","Women","TOTAL","Total","2016","2016","PC","Percentage","0","Units",,,10.72,,
"ISR","Israel","ENT4","Share of women inventors","WOMEN","Women","TOTAL","Total","2017","2017","PC","Percentage","0","Units",,,10.44,,
"NZL","New Zealand","ENT4","Share of women inventors","WOMEN","Women","TOTAL","Total","2000","2000","PC","Percentage","0","Units",,,7.13,,
"NZL","New Zealand","ENT4","Share of women inventors","WOMEN","Women","TOTAL","Total","2001","2001","PC","Percentage","0","Units",,,8.05,,
"NZL","New Zealand","ENT4","Share of women inventors","WOMEN","Women","TOTAL","Total","2002","2002","PC","Percentage","0","Units",,,9.29,,
"NZL","New Zealand","ENT4","Share of women inventors","WOMEN","Women","TOTAL","Total","2003","2003","PC","Percentage","0","Units",,,9,,
"NZL","New Zealand","ENT4","Share of women inventors","WOMEN","Women","TOTAL","Total","2004","2004","PC","Percentage","0","Units",,,9.07,,
"NZL","New Zealand","ENT4","Share of women inventors","WOMEN","Women","TOTAL","Total","2005","2005","PC","Percentage","0","Units",,,9.37,,
"NZL","New Zealand","ENT4","Share of women inventors","WOMEN","Women","TOTAL","Total","2006","2006","PC","Percentage","0","Units",,,10.82,,
"NZL","New Zealand","ENT4","Share of women inventors","WOMEN","Women","TOTAL","Total","2007","2007","PC","Percentage","0","Units",,,10.93,,
"NZL","New Zealand","ENT4","Share of women inventors","WOMEN","Women","TOTAL","Total","2008","2008","PC","Percentage","0","Units",,,10.56,,
"NZL","New Zealand","ENT4","Share of women inventors","WOMEN","Women","TOTAL","Total","2009","2009","PC","Percentage","0","Units",,,9.75,,
"NZL","New Zealand","ENT4","Share of women inventors","WOMEN","Women","TOTAL","Total","2010","2010","PC","Percentage","0","Units",,,9.02,,
"NZL","New Zealand","ENT4","Share of women inventors","WOMEN","Women","TOTAL","Total","2011","2011","PC","Percentage","0","Units",,,8.5,,
"NZL","New Zealand","ENT4","Share of women inventors","WOMEN","Women","TOTAL","Total","2012","2012","PC","Percentage","0","Units",,,8.48,,
"NZL","New Zealand","ENT4","Share of women inventors","WOMEN","Women","TOTAL","Total","2013","2013","PC","Percentage","0","Units",,,8.76,,
"NZL","New Zealand","ENT4","Share of women inventors","WOMEN","Women","TOTAL","Total","2014","2014","PC","Percentage","0","Units",,,9.07,,
"NZL","New Zealand","ENT4","Share of women inventors","WOMEN","Women","TOTAL","Total","2015","2015","PC","Percentage","0","Units",,,9.58,,
"NZL","New Zealand","ENT4","Share of women inventors","WOMEN","Women","TOTAL","Total","2016","2016","PC","Percentage","0","Units",,,9.22,,
"NZL","New Zealand","ENT4","Share of women inventors","WOMEN","Women","TOTAL","Total","2017","2017","PC","Percentage","0","Units",,,9.24,,
"AUS","Australia","ENT4","Share of women inventors","WOMEN","Women","TOTAL","Total","2000","2000","PC","Percentage","0","Units",,,11.15,,
"AUS","Australia","ENT4","Share of women inventors","WOMEN","Women","TOTAL","Total","2001","2001","PC","Percentage","0","Units",,,12.83,,
"AUS","Australia","ENT4","Share of women inventors","WOMEN","Women","TOTAL","Total","2002","2002","PC","Percentage","0","Units",,,12,,
"AUS","Australia","ENT4","Share of women inventors","WOMEN","Women","TOTAL","Total","2003","2003","PC","Percentage","0","Units",,,13.65,,
"AUS","Australia","ENT4","Share of women inventors","WOMEN","Women","TOTAL","Total","2004","2004","PC","Percentage","0","Units",,,13.63,,
"AUS","Australia","ENT4","Share of women inventors","WOMEN","Women","TOTAL","Total","2005","2005","PC","Percentage","0","Units",,,13.14,,
"AUS","Australia","ENT4","Share of women inventors","WOMEN","Women","TOTAL","Total","2006","2006","PC","Percentage","0","Units",,,12.33,,
"AUS","Australia","ENT4","Share of women inventors","WOMEN","Women","TOTAL","Total","2007","2007","PC","Percentage","0","Units",,,14.06,,
"AUS","Australia","ENT4","Share of women inventors","WOMEN","Women","TOTAL","Total","2008","2008","PC","Percentage","0","Units",,,13.93,,
"AUS","Australia","ENT4","Share of women inventors","WOMEN","Women","TOTAL","Total","2009","2009","PC","Percentage","0","Units",,,13.6,,
"AUS","Australia","ENT4","Share of women inventors","WOMEN","Women","TOTAL","Total","2010","2010","PC","Percentage","0","Units",,,12.42,,
"AUS","Australia","ENT4","Share of women inventors","WOMEN","Women","TOTAL","Total","2011","2011","PC","Percentage","0","Units",,,11.1,,
"AUS","Australia","ENT4","Share of women inventors","WOMEN","Women","TOTAL","Total","2012","2012","PC","Percentage","0","Units",,,10.23,,
"AUS","Australia","ENT4","Share of women inventors","WOMEN","Women","TOTAL","Total","2013","2013","PC","Percentage","0","Units",,,9.54,,
"AUS","Australia","ENT4","Share of women inventors","WOMEN","Women","TOTAL","Total","2014","2014","PC","Percentage","0","Units",,,9.75,,
"AUS","Australia","ENT4","Share of women inventors","WOMEN","Women","TOTAL","Total","2015","2015","PC","Percentage","0","Units",,,10.06,,
"AUS","Australia","ENT4","Share of women inventors","WOMEN","Women","TOTAL","Total","2016","2016","PC","Percentage","0","Units",,,10.05,,
"AUS","Australia","ENT4","Share of women inventors","WOMEN","Women","TOTAL","Total","2017","2017","PC","Percentage","0","Units",,,9.92,,
"JPN","Japan","ENT4","Share of women inventors","WOMEN","Women","TOTAL","Total","2000","2000","PC","Percentage","0","Units",,,5.49,,
"JPN","Japan","ENT4","Share of women inventors","WOMEN","Women","TOTAL","Total","2001","2001","PC","Percentage","0","Units",,,5.53,,
"JPN","Japan","ENT4","Share of women inventors","WOMEN","Women","TOTAL","Total","2002","2002","PC","Percentage","0","Units",,,5.58,,
"JPN","Japan","ENT4","Share of women inventors","WOMEN","Women","TOTAL","Total","2003","2003","PC","Percentage","0","Units",,,5.57,,
"JPN","Japan","ENT4","Share of women inventors","WOMEN","Women","TOTAL","Total","2004","2004","PC","Percentage","0","Units",,,5.64,,
"JPN","Japan","ENT4","Share of women inventors","WOMEN","Women","TOTAL","Total","2005","2005","PC","Percentage","0","Units",,,5.74,,
"JPN","Japan","ENT4","Share of women inventors","WOMEN","Women","TOTAL","Total","2006","2006","PC","Percentage","0","Units",,,5.98,,
"JPN","Japan","ENT4","Share of women inventors","WOMEN","Women","TOTAL","Total","2007","2007","PC","Percentage","0","Units",,,6.16,,
"JPN","Japan","ENT4","Share of women inventors","WOMEN","Women","TOTAL","Total","2008","2008","PC","Percentage","0","Units",,,6.31,,
"JPN","Japan","ENT4","Share of women inventors","WOMEN","Women","TOTAL","Total","2009","2009","PC","Percentage","0","Units",,,6.62,,
"JPN","Japan","ENT4","Share of women inventors","WOMEN","Women","TOTAL","Total","2010","2010","PC","Percentage","0","Units",,,6.9,,
"JPN","Japan","ENT4","Share of women inventors","WOMEN","Women","TOTAL","Total","2011","2011","PC","Percentage","0","Units",,,7.13,,
"JPN","Japan","ENT4","Share of women inventors","WOMEN","Women","TOTAL","Total","2012","2012","PC","Percentage","0","Units",,,7.29,,
"JPN","Japan","ENT4","Share of women inventors","WOMEN","Women","TOTAL","Total","2013","2013","PC","Percentage","0","Units",,,7.46,,
"JPN","Japan","ENT4","Share of women inventors","WOMEN","Women","TOTAL","Total","2014","2014","PC","Percentage","0","Units",,,7.63,,
"JPN","Japan","ENT4","Share of women inventors","WOMEN","Women","TOTAL","Total","2015","2015","PC","Percentage","0","Units",,,7.74,,
"JPN","Japan","ENT4","Share of women inventors","WOMEN","Women","TOTAL","Total","2016","2016","PC","Percentage","0","Units",,,8.03,,
"JPN","Japan","ENT4","Share of women inventors","WOMEN","Women","TOTAL","Total","2017","2017","PC","Percentage","0","Units",,,8.13,,
"IRL","Ireland","ENT4","Share of women inventors","WOMEN","Women","TOTAL","Total","2000","2000","PC","Percentage","0","Units",,,8.66,,
"IRL","Ireland","ENT4","Share of women inventors","WOMEN","Women","TOTAL","Total","2001","2001","PC","Percentage","0","Units",,,8.62,,
"IRL","Ireland","ENT4","Share of women inventors","WOMEN","Women","TOTAL","Total","2002","2002","PC","Percentage","0","Units",,,8.73,,
"IRL","Ireland","ENT4","Share of women inventors","WOMEN","Women","TOTAL","Total","2003","2003","PC","Percentage","0","Units",,,7.91,,
"IRL","Ireland","ENT4","Share of women inventors","WOMEN","Women","TOTAL","Total","2004","2004","PC","Percentage","0","Units",,,8.05,,
"IRL","Ireland","ENT4","Share of women inventors","WOMEN","Women","TOTAL","Total","2005","2005","PC","Percentage","0","Units",,,7.93,,
"IRL","Ireland","ENT4","Share of women inventors","WOMEN","Women","TOTAL","Total","2006","2006","PC","Percentage","0","Units",,,9.45,,
"IRL","Ireland","ENT4","Share of women inventors","WOMEN","Women","TOTAL","Total","2007","2007","PC","Percentage","0","Units",,,10.07,,
"IRL","Ireland","ENT4","Share of women inventors","WOMEN","Women","TOTAL","Total","2008","2008","PC","Percentage","0","Units",,,9.59,,
"IRL","Ireland","ENT4","Share of women inventors","WOMEN","Women","TOTAL","Total","2009","2009","PC","Percentage","0","Units",,,9.42,,
"IRL","Ireland","ENT4","Share of women inventors","WOMEN","Women","TOTAL","Total","2010","2010","PC","Percentage","0","Units",,,8.78,,
"IRL","Ireland","ENT4","Share of women inventors","WOMEN","Women","TOTAL","Total","2011","2011","PC","Percentage","0","Units",,,8.7,,
"IRL","Ireland","ENT4","Share of women inventors","WOMEN","Women","TOTAL","Total","2012","2012","PC","Percentage","0","Units",,,8.38,,
"IRL","Ireland","ENT4","Share of women inventors","WOMEN","Women","TOTAL","Total","2013","2013","PC","Percentage","0","Units",,,7.98,,
"IRL","Ireland","ENT4","Share of women inventors","WOMEN","Women","TOTAL","Total","2014","2014","PC","Percentage","0","Units",,,7.79,,
"IRL","Ireland","ENT4","Share of women inventors","WOMEN","Women","TOTAL","Total","2015","2015","PC","Percentage","0","Units",,,8.27,,
"IRL","Ireland","ENT4","Share of women inventors","WOMEN","Women","TOTAL","Total","2016","2016","PC","Percentage","0","Units",,,9.12,,
"IRL","Ireland","ENT4","Share of women inventors","WOMEN","Women","TOTAL","Total","2017","2017","PC","Percentage","0","Units",,,9.78,,
"EST","Estonia","ENT4","Share of women inventors","WOMEN","Women","TOTAL","Total","2000","2000","PC","Percentage","0","Units",,,8.45,,
"EST","Estonia","ENT4","Share of women inventors","WOMEN","Women","TOTAL","Total","2001","2001","PC","Percentage","0","Units",,,9.3,,
"EST","Estonia","ENT4","Share of women inventors","WOMEN","Women","TOTAL","Total","2002","2002","PC","Percentage","0","Units",,,10.26,,
"EST","Estonia","ENT4","Share of women inventors","WOMEN","Women","TOTAL","Total","2003","2003","PC","Percentage","0","Units",,,10.25,,
"EST","Estonia","ENT4","Share of women inventors","WOMEN","Women","TOTAL","Total","2004","2004","PC","Percentage","0","Units",,,9.5,,
"EST","Estonia","ENT4","Share of women inventors","WOMEN","Women","TOTAL","Total","2005","2005","PC","Percentage","0","Units",,,10.02,,
"EST","Estonia","ENT4","Share of women inventors","WOMEN","Women","TOTAL","Total","2006","2006","PC","Percentage","0","Units",,,11.35,,
"EST","Estonia","ENT4","Share of women inventors","WOMEN","Women","TOTAL","Total","2007","2007","PC","Percentage","0","Units",,,12.52,,
"EST","Estonia","ENT4","Share of women inventors","WOMEN","Women","TOTAL","Total","2008","2008","PC","Percentage","0","Units",,,12.34,,
"EST","Estonia","ENT4","Share of women inventors","WOMEN","Women","TOTAL","Total","2009","2009","PC","Percentage","0","Units",,,13.76,,
"EST","Estonia","ENT4","Share of women inventors","WOMEN","Women","TOTAL","Total","2010","2010","PC","Percentage","0","Units",,,12.46,,
"EST","Estonia","ENT4","Share of women inventors","WOMEN","Women","TOTAL","Total","2011","2011","PC","Percentage","0","Units",,,13.42,,
"EST","Estonia","ENT4","Share of women inventors","WOMEN","Women","TOTAL","Total","2012","2012","PC","Percentage","0","Units",,,13.84,,
"EST","Estonia","ENT4","Share of women inventors","WOMEN","Women","TOTAL","Total","2013","2013","PC","Percentage","0","Units",,,13.98,,
"EST","Estonia","ENT4","Share of women inventors","WOMEN","Women","TOTAL","Total","2014","2014","PC","Percentage","0","Units",,,14.52,,
"EST","Estonia","ENT4","Share of women inventors","WOMEN","Women","TOTAL","Total","2015","2015","PC","Percentage","0","Units",,,12.73,,
"EST","Estonia","ENT4","Share of women inventors","WOMEN","Women","TOTAL","Total","2016","2016","PC","Percentage","0","Units",,,12.51,,
"EST","Estonia","ENT4","Share of women inventors","WOMEN","Women","TOTAL","Total","2017","2017","PC","Percentage","0","Units",,,10.53,,
"USA","United States","ENT4","Share of women inventors","WOMEN","Women","TOTAL","Total","2000","2000","PC","Percentage","0","Units",,,8.62,,
"USA","United States","ENT4","Share of women inventors","WOMEN","Women","TOTAL","Total","2001","2001","PC","Percentage","0","Units",,,8.98,,
"USA","United States","ENT4","Share of women inventors","WOMEN","Women","TOTAL","Total","2002","2002","PC","Percentage","0","Units",,,9.16,,
"USA","United States","ENT4","Share of women inventors","WOMEN","Women","TOTAL","Total","2003","2003","PC","Percentage","0","Units",,,9.17,,
"USA","United States","ENT4","Share of women inventors","WOMEN","Women","TOTAL","Total","2004","2004","PC","Percentage","0","Units",,,9.23,,
"USA","United States","ENT4","Share of women inventors","WOMEN","Women","TOTAL","Total","2005","2005","PC","Percentage","0","Units",,,9.39,,
"USA","United States","ENT4","Share of women inventors","WOMEN","Women","TOTAL","Total","2006","2006","PC","Percentage","0","Units",,,9.93,,
"USA","United States","ENT4","Share of women inventors","WOMEN","Women","TOTAL","Total","2007","2007","PC","Percentage","0","Units",,,10.05,,
"USA","United States","ENT4","Share of women inventors","WOMEN","Women","TOTAL","Total","2008","2008","PC","Percentage","0","Units",,,10.09,,
"USA","United States","ENT4","Share of women inventors","WOMEN","Women","TOTAL","Total","2009","2009","PC","Percentage","0","Units",,,10.18,,
"USA","United States","ENT4","Share of women inventors","WOMEN","Women","TOTAL","Total","2010","2010","PC","Percentage","0","Units",,,10.23,,
"USA","United States","ENT4","Share of women inventors","WOMEN","Women","TOTAL","Total","2011","2011","PC","Percentage","0","Units",,,10.31,,
"USA","United States","ENT4","Share of women inventors","WOMEN","Women","TOTAL","Total","2012","2012","PC","Percentage","0","Units",,,10.37,,
"USA","United States","ENT4","Share of women inventors","WOMEN","Women","TOTAL","Total","2013","2013","PC","Percentage","0","Units",,,10.43,,
"USA","United States","ENT4","Share of women inventors","WOMEN","Women","TOTAL","Total","2014","2014","PC","Percentage","0","Units",,,10.48,,
"USA","United States","ENT4","Share of women inventors","WOMEN","Women","TOTAL","Total","2015","2015","PC","Percentage","0","Units",,,10.42,,
"USA","United States","ENT4","Share of women inventors","WOMEN","Women","TOTAL","Total","2016","2016","PC","Percentage","0","Units",,,10.12,,
"USA","United States","ENT4","Share of women inventors","WOMEN","Women","TOTAL","Total","2017","2017","PC","Percentage","0","Units",,,9.9,,
"HUN","Hungary","ENT4","Share of women inventors","WOMEN","Women","TOTAL","Total","2000","2000","PC","Percentage","0","Units",,,10.87,,
"HUN","Hungary","ENT4","Share of women inventors","WOMEN","Women","TOTAL","Total","2001","2001","PC","Percentage","0","Units",,,10.89,,
"HUN","Hungary","ENT4","Share of women inventors","WOMEN","Women","TOTAL","Total","2002","2002","PC","Percentage","0","Units",,,9.81,,
"HUN","Hungary","ENT4","Share of women inventors","WOMEN","Women","TOTAL","Total","2003","2003","PC","Percentage","0","Units",,,9.65,,
"HUN","Hungary","ENT4","Share of women inventors","WOMEN","Women","TOTAL","Total","2004","2004","PC","Percentage","0","Units",,,9.25,,
"HUN","Hungary","ENT4","Share of women inventors","WOMEN","Women","TOTAL","Total","2005","2005","PC","Percentage","0","Units",,,9.91,,
"HUN","Hungary","ENT4","Share of women inventors","WOMEN","Women","TOTAL","Total","2006","2006","PC","Percentage","0","Units",,,12.96,,
"HUN","Hungary","ENT4","Share of women inventors","WOMEN","Women","TOTAL","Total","2007","2007","PC","Percentage","0","Units",,,11.39,,
"HUN","Hungary","ENT4","Share of women inventors","WOMEN","Women","TOTAL","Total","2008","2008","PC","Percentage","0","Units",,,10.84,,
"HUN","Hungary","ENT4","Share of women inventors","WOMEN","Women","TOTAL","Total","2009","2009","PC","Percentage","0","Units",,,9.66,,
"HUN","Hungary","ENT4","Share of women inventors","WOMEN","Women","TOTAL","Total","2010","2010","PC","Percentage","0","Units",,,9.07,,
"HUN","Hungary","ENT4","Share of women inventors","WOMEN","Women","TOTAL","Total","2011","2011","PC","Percentage","0","Units",,,8.21,,
"HUN","Hungary","ENT4","Share of women inventors","WOMEN","Women","TOTAL","Total","2012","2012","PC","Percentage","0","Units",,,7.77,,
"HUN","Hungary","ENT4","Share of women inventors","WOMEN","Women","TOTAL","Total","2013","2013","PC","Percentage","0","Units",,,8.34,,
"HUN","Hungary","ENT4","Share of women inventors","WOMEN","Women","TOTAL","Total","2014","2014","PC","Percentage","0","Units",,,9.02,,
"HUN","Hungary","ENT4","Share of women inventors","WOMEN","Women","TOTAL","Total","2015","2015","PC","Percentage","0","Units",,,9.45,,
"HUN","Hungary","ENT4","Share of women inventors","WOMEN","Women","TOTAL","Total","2016","2016","PC","Percentage","0","Units",,,9.47,,
"HUN","Hungary","ENT4","Share of women inventors","WOMEN","Women","TOTAL","Total","2017","2017","PC","Percentage","0","Units",,,9.63,,
"ESP","Spain","ENT4","Share of women inventors","WOMEN","Women","TOTAL","Total","2000","2000","PC","Percentage","0","Units",,,10.74,,
"ESP","Spain","ENT4","Share of women inventors","WOMEN","Women","TOTAL","Total","2001","2001","PC","Percentage","0","Units",,,10.89,,
"ESP","Spain","ENT4","Share of women inventors","WOMEN","Women","TOTAL","Total","2002","2002","PC","Percentage","0","Units",,,11.45,,
"ESP","Spain","ENT4","Share of women inventors","WOMEN","Women","TOTAL","Total","2003","2003","PC","Percentage","0","Units",,,11.23,,
"ESP","Spain","ENT4","Share of women inventors","WOMEN","Women","TOTAL","Total","2004","2004","PC","Percentage","0","Units",,,11.6,,
"ESP","Spain","ENT4","Share of women inventors","WOMEN","Women","TOTAL","Total","2005","2005","PC","Percentage","0","Units",,,12.23,,
"ESP","Spain","ENT4","Share of women inventors","WOMEN","Women","TOTAL","Total","2006","2006","PC","Percentage","0","Units",,,14.7,,
"ESP","Spain","ENT4","Share of women inventors","WOMEN","Women","TOTAL","Total","2007","2007","PC","Percentage","0","Units",,,14.71,,
"ESP","Spain","ENT4","Share of women inventors","WOMEN","Women","TOTAL","Total","2008","2008","PC","Percentage","0","Units",,,15.4,,
"ESP","Spain","ENT4","Share of women inventors","WOMEN","Women","TOTAL","Total","2009","2009","PC","Percentage","0","Units",,,16,,
"ESP","Spain","ENT4","Share of women inventors","WOMEN","Women","TOTAL","Total","2010","2010","PC","Percentage","0","Units",,,16.84,,
"ESP","Spain","ENT4","Share of women inventors","WOMEN","Women","TOTAL","Total","2011","2011","PC","Percentage","0","Units",,,16.56,,
"ESP","Spain","ENT4","Share of women inventors","WOMEN","Women","TOTAL","Total","2012","2012","PC","Percentage","0","Units",,,16.45,,
"ESP","Spain","ENT4","Share of women inventors","WOMEN","Women","TOTAL","Total","2013","2013","PC","Percentage","0","Units",,,16.32,,
"ESP","Spain","ENT4","Share of women inventors","WOMEN","Women","TOTAL","Total","2014","2014","PC","Percentage","0","Units",,,16.29,,
"ESP","Spain","ENT4","Share of women inventors","WOMEN","Women","TOTAL","Total","2015","2015","PC","Percentage","0","Units",,,16.02,,
"ESP","Spain","ENT4","Share of women inventors","WOMEN","Women","TOTAL","Total","2016","2016","PC","Percentage","0","Units",,,15.91,,
"ESP","Spain","ENT4","Share of women inventors","WOMEN","Women","TOTAL","Total","2017","2017","PC","Percentage","0","Units",,,15.93,,
"PRT","Portugal","ENT4","Share of women inventors","WOMEN","Women","TOTAL","Total","2000","2000","PC","Percentage","0","Units",,,16.37,,
"PRT","Portugal","ENT4","Share of women inventors","WOMEN","Women","TOTAL","Total","2001","2001","PC","Percentage","0","Units",,,16.16,,
"PRT","Portugal","ENT4","Share of women inventors","WOMEN","Women","TOTAL","Total","2002","2002","PC","Percentage","0","Units",,,16.16,,
"PRT","Portugal","ENT4","Share of women inventors","WOMEN","Women","TOTAL","Total","2003","2003","PC","Percentage","0","Units",,,16.74,,
"PRT","Portugal","ENT4","Share of women inventors","WOMEN","Women","TOTAL","Total","2004","2004","PC","Percentage","0","Units",,,16.71,,
"PRT","Portugal","ENT4","Share of women inventors","WOMEN","Women","TOTAL","Total","2005","2005","PC","Percentage","0","Units",,,15.99,,
"PRT","Portugal","ENT4","Share of women inventors","WOMEN","Women","TOTAL","Total","2006","2006","PC","Percentage","0","Units",,,14.89,,
"PRT","Portugal","ENT4","Share of women inventors","WOMEN","Women","TOTAL","Total","2007","2007","PC","Percentage","0","Units",,,15.68,,
"PRT","Portugal","ENT4","Share of women inventors","WOMEN","Women","TOTAL","Total","2008","2008","PC","Percentage","0","Units",,,16.5,,
"PRT","Portugal","ENT4","Share of women inventors","WOMEN","Women","TOTAL","Total","2009","2009","PC","Percentage","0","Units",,,16.74,,
"PRT","Portugal","ENT4","Share of women inventors","WOMEN","Women","TOTAL","Total","2010","2010","PC","Percentage","0","Units",,,18.96,,
"PRT","Portugal","ENT4","Share of women inventors","WOMEN","Women","TOTAL","Total","2011","2011","PC","Percentage","0","Units",,,20.26,,
"PRT","Portugal","ENT4","Share of women inventors","WOMEN","Women","TOTAL","Total","2012","2012","PC","Percentage","0","Units",,,20.42,,
"PRT","Portugal","ENT4","Share of women inventors","WOMEN","Women","TOTAL","Total","2013","2013","PC","Percentage","0","Units",,,19.21,,
"PRT","Portugal","ENT4","Share of women inventors","WOMEN","Women","TOTAL","Total","2014","2014","PC","Percentage","0","Units",,,18.3,,
"PRT","Portugal","ENT4","Share of women inventors","WOMEN","Women","TOTAL","Total","2015","2015","PC","Percentage","0","Units",,,19.56,,
"PRT","Portugal","ENT4","Share of women inventors","WOMEN","Women","TOTAL","Total","2016","2016","PC","Percentage","0","Units",,,20.49,,
"PRT","Portugal","ENT4","Share of women inventors","WOMEN","Women","TOTAL","Total","2017","2017","PC","Percentage","0","Units",,,21.09,,
"DNK","Denmark","ENT4","Share of women inventors","WOMEN","Women","TOTAL","Total","2000","2000","PC","Percentage","0","Units",,,7.33,,
"DNK","Denmark","ENT4","Share of women inventors","WOMEN","Women","TOTAL","Total","2001","2001","PC","Percentage","0","Units",,,8.09,,
"DNK","Denmark","ENT4","Share of women inventors","WOMEN","Women","TOTAL","Total","2002","2002","PC","Percentage","0","Units",,,8.74,,
"DNK","Denmark","ENT4","Share of women inventors","WOMEN","Women","TOTAL","Total","2003","2003","PC","Percentage","0","Units",,,9.96,,
"DNK","Denmark","ENT4","Share of women inventors","WOMEN","Women","TOTAL","Total","2004","2004","PC","Percentage","0","Units",,,10.15,,
"DNK","Denmark","ENT4","Share of women inventors","WOMEN","Women","TOTAL","Total","2005","2005","PC","Percentage","0","Units",,,10.52,,
"DNK","Denmark","ENT4","Share of women inventors","WOMEN","Women","TOTAL","Total","2006","2006","PC","Percentage","0","Units",,,10.22,,
"DNK","Denmark","ENT4","Share of women inventors","WOMEN","Women","TOTAL","Total","2007","2007","PC","Percentage","0","Units",,,10.25,,
"DNK","Denmark","ENT4","Share of women inventors","WOMEN","Women","TOTAL","Total","2008","2008","PC","Percentage","0","Units",,,10.57,,
"DNK","Denmark","ENT4","Share of women inventors","WOMEN","Women","TOTAL","Total","2009","2009","PC","Percentage","0","Units",,,10.65,,
"DNK","Denmark","ENT4","Share of women inventors","WOMEN","Women","TOTAL","Total","2010","2010","PC","Percentage","0","Units",,,10.17,,
"DNK","Denmark","ENT4","Share of women inventors","WOMEN","Women","TOTAL","Total","2011","2011","PC","Percentage","0","Units",,,9.86,,
"DNK","Denmark","ENT4","Share of women inventors","WOMEN","Women","TOTAL","Total","2012","2012","PC","Percentage","0","Units",,,10.27,,
"DNK","Denmark","ENT4","Share of women inventors","WOMEN","Women","TOTAL","Total","2013","2013","PC","Percentage","0","Units",,,10.38,,
"DNK","Denmark","ENT4","Share of women inventors","WOMEN","Women","TOTAL","Total","2014","2014","PC","Percentage","0","Units",,,10.57,,
"DNK","Denmark","ENT4","Share of women inventors","WOMEN","Women","TOTAL","Total","2015","2015","PC","Percentage","0","Units",,,10.34,,
"DNK","Denmark","ENT4","Share of women inventors","WOMEN","Women","TOTAL","Total","2016","2016","PC","Percentage","0","Units",,,10.59,,
"DNK","Denmark","ENT4","Share of women inventors","WOMEN","Women","TOTAL","Total","2017","2017","PC","Percentage","0","Units",,,10.46,,
"MEX","Mexico","ENT4","Share of women inventors","WOMEN","Women","TOTAL","Total","2000","2000","PC","Percentage","0","Units",,,10.01,,
"MEX","Mexico","ENT4","Share of women inventors","WOMEN","Women","TOTAL","Total","2001","2001","PC","Percentage","0","Units",,,12.28,,
"MEX","Mexico","ENT4","Share of women inventors","WOMEN","Women","TOTAL","Total","2002","2002","PC","Percentage","0","Units",,,12.51,,
"MEX","Mexico","ENT4","Share of women inventors","WOMEN","Women","TOTAL","Total","2003","2003","PC","Percentage","0","Units",,,13.15,,
"MEX","Mexico","ENT4","Share of women inventors","WOMEN","Women","TOTAL","Total","2004","2004","PC","Percentage","0","Units",,,12.82,,
"MEX","Mexico","ENT4","Share of women inventors","WOMEN","Women","TOTAL","Total","2005","2005","PC","Percentage","0","Units",,,12.75,,
"MEX","Mexico","ENT4","Share of women inventors","WOMEN","Women","TOTAL","Total","2006","2006","PC","Percentage","0","Units",,,13.32,,
"MEX","Mexico","ENT4","Share of women inventors","WOMEN","Women","TOTAL","Total","2007","2007","PC","Percentage","0","Units",,,14.79,,
"MEX","Mexico","ENT4","Share of women inventors","WOMEN","Women","TOTAL","Total","2008","2008","PC","Percentage","0","Units",,,14.89,,
"MEX","Mexico","ENT4","Share of women inventors","WOMEN","Women","TOTAL","Total","2009","2009","PC","Percentage","0","Units",,,15.89,,
"MEX","Mexico","ENT4","Share of women inventors","WOMEN","Women","TOTAL","Total","2010","2010","PC","Percentage","0","Units",,,15.59,,
"MEX","Mexico","ENT4","Share of women inventors","WOMEN","Women","TOTAL","Total","2011","2011","PC","Percentage","0","Units",,,15.11,,
"MEX","Mexico","ENT4","Share of women inventors","WOMEN","Women","TOTAL","Total","2012","2012","PC","Percentage","0","Units",,,15.04,,
"MEX","Mexico","ENT4","Share of women inventors","WOMEN","Women","TOTAL","Total","2013","2013","PC","Percentage","0","Units",,,15.26,,
"MEX","Mexico","ENT4","Share of women inventors","WOMEN","Women","TOTAL","Total","2014","2014","PC","Percentage","0","Units",,,16.29,,
"MEX","Mexico","ENT4","Share of women inventors","WOMEN","Women","TOTAL","Total","2015","2015","PC","Percentage","0","Units",,,16.4,,
"MEX","Mexico","ENT4","Share of women inventors","WOMEN","Women","TOTAL","Total","2016","2016","PC","Percentage","0","Units",,,15.41,,
"MEX","Mexico","ENT4","Share of women inventors","WOMEN","Women","TOTAL","Total","2017","2017","PC","Percentage","0","Units",,,14.74,,
"CAN","Canada","ENT4","Share of women inventors","WOMEN","Women","TOTAL","Total","2000","2000","PC","Percentage","0","Units",,,10.13,,
"CAN","Canada","ENT4","Share of women inventors","WOMEN","Women","TOTAL","Total","2001","2001","PC","Percentage","0","Units",,,10.2,,
"CAN","Canada","ENT4","Share of women inventors","WOMEN","Women","TOTAL","Total","2002","2002","PC","Percentage","0","Units",,,10.35,,
"CAN","Canada","ENT4","Share of women inventors","WOMEN","Women","TOTAL","Total","2003","2003","PC","Percentage","0","Units",,,10.47,,
"CAN","Canada","ENT4","Share of women inventors","WOMEN","Women","TOTAL","Total","2004","2004","PC","Percentage","0","Units",,,10.71,,
"CAN","Canada","ENT4","Share of women inventors","WOMEN","Women","TOTAL","Total","2005","2005","PC","Percentage","0","Units",,,11,,
"CAN","Canada","ENT4","Share of women inventors","WOMEN","Women","TOTAL","Total","2006","2006","PC","Percentage","0","Units",,,11.88,,
"CAN","Canada","ENT4","Share of women inventors","WOMEN","Women","TOTAL","Total","2007","2007","PC","Percentage","0","Units",,,11.92,,
"CAN","Canada","ENT4","Share of women inventors","WOMEN","Women","TOTAL","Total","2008","2008","PC","Percentage","0","Units",,,11.71,,
"CAN","Canada","ENT4","Share of women inventors","WOMEN","Women","TOTAL","Total","2009","2009","PC","Percentage","0","Units",,,11.68,,
"CAN","Canada","ENT4","Share of women inventors","WOMEN","Women","TOTAL","Total","2010","2010","PC","Percentage","0","Units",,,11.35,,
"CAN","Canada","ENT4","Share of women inventors","WOMEN","Women","TOTAL","Total","2011","2011","PC","Percentage","0","Units",,,11.24,,
"CAN","Canada","ENT4","Share of women inventors","WOMEN","Women","TOTAL","Total","2012","2012","PC","Percentage","0","Units",,,10.93,,
"CAN","Canada","ENT4","Share of women inventors","WOMEN","Women","TOTAL","Total","2013","2013","PC","Percentage","0","Units",,,10.96,,
"CAN","Canada","ENT4","Share of women inventors","WOMEN","Women","TOTAL","Total","2014","2014","PC","Percentage","0","Units",,,11.07,,
"CAN","Canada","ENT4","Share of women inventors","WOMEN","Women","TOTAL","Total","2015","2015","PC","Percentage","0","Units",,,11.45,,
"CAN","Canada","ENT4","Share of women inventors","WOMEN","Women","TOTAL","Total","2016","2016","PC","Percentage","0","Units",,,11.72,,
"CAN","Canada","ENT4","Share of women inventors","WOMEN","Women","TOTAL","Total","2017","2017","PC","Percentage","0","Units",,,11.93,,
"FIN","Finland","ENT4","Share of women inventors","WOMEN","Women","TOTAL","Total","2000","2000","PC","Percentage","0","Units",,,6.83,,
"FIN","Finland","ENT4","Share of women inventors","WOMEN","Women","TOTAL","Total","2001","2001","PC","Percentage","0","Units",,,7.09,,
"FIN","Finland","ENT4","Share of women inventors","WOMEN","Women","TOTAL","Total","2002","2002","PC","Percentage","0","Units",,,7.23,,
"FIN","Finland","ENT4","Share of women inventors","WOMEN","Women","TOTAL","Total","2003","2003","PC","Percentage","0","Units",,,7.51,,
"FIN","Finland","ENT4","Share of women inventors","WOMEN","Women","TOTAL","Total","2004","2004","PC","Percentage","0","Units",,,7.47,,
"FIN","Finland","ENT4","Share of women inventors","WOMEN","Women","TOTAL","Total","2005","2005","PC","Percentage","0","Units",,,7.56,,
"FIN","Finland","ENT4","Share of women inventors","WOMEN","Women","TOTAL","Total","2006","2006","PC","Percentage","0","Units",,,8.06,,
"FIN","Finland","ENT4","Share of women inventors","WOMEN","Women","TOTAL","Total","2007","2007","PC","Percentage","0","Units",,,8.47,,
"FIN","Finland","ENT4","Share of women inventors","WOMEN","Women","TOTAL","Total","2008","2008","PC","Percentage","0","Units",,,8.38,,
"FIN","Finland","ENT4","Share of women inventors","WOMEN","Women","TOTAL","Total","2009","2009","PC","Percentage","0","Units",,,8.22,,
"FIN","Finland","ENT4","Share of women inventors","WOMEN","Women","TOTAL","Total","2010","2010","PC","Percentage","0","Units",,,7.69,,
"FIN","Finland","ENT4","Share of women inventors","WOMEN","Women","TOTAL","Total","2011","2011","PC","Percentage","0","Units",,,7.89,,
"FIN","Finland","ENT4","Share of women inventors","WOMEN","Women","TOTAL","Total","2012","2012","PC","Percentage","0","Units",,,8.3,,
"FIN","Finland","ENT4","Share of women inventors","WOMEN","Women","TOTAL","Total","2013","2013","PC","Percentage","0","Units",,,8.86,,
"FIN","Finland","ENT4","Share of women inventors","WOMEN","Women","TOTAL","Total","2014","2014","PC","Percentage","0","Units",,,8.89,,
"FIN","Finland","ENT4","Share of women inventors","WOMEN","Women","TOTAL","Total","2015","2015","PC","Percentage","0","Units",,,9.11,,
"FIN","Finland","ENT4","Share of women inventors","WOMEN","Women","TOTAL","Total","2016","2016","PC","Percentage","0","Units",,,9.49,,
"FIN","Finland","ENT4","Share of women inventors","WOMEN","Women","TOTAL","Total","2017","2017","PC","Percentage","0","Units",,,9.78,,
"TUR","Turkey","ENT4","Share of women inventors","WOMEN","Women","TOTAL","Total","2000","2000","PC","Percentage","0","Units",,,6.99,,
"TUR","Turkey","ENT4","Share of women inventors","WOMEN","Women","TOTAL","Total","2001","2001","PC","Percentage","0","Units",,,6.79,,
"TUR","Turkey","ENT4","Share of women inventors","WOMEN","Women","TOTAL","Total","2002","2002","PC","Percentage","0","Units",,,6.21,,
"TUR","Turkey","ENT4","Share of women inventors","WOMEN","Women","TOTAL","Total","2003","2003","PC","Percentage","0","Units",,,7.1,,
"TUR","Turkey","ENT4","Share of women inventors","WOMEN","Women","TOTAL","Total","2004","2004","PC","Percentage","0","Units",,,7,,
"TUR","Turkey","ENT4","Share of women inventors","WOMEN","Women","TOTAL","Total","2005","2005","PC","Percentage","0","Units",,,6.97,,
"TUR","Turkey","ENT4","Share of women inventors","WOMEN","Women","TOTAL","Total","2006","2006","PC","Percentage","0","Units",,,7,,
"TUR","Turkey","ENT4","Share of women inventors","WOMEN","Women","TOTAL","Total","2007","2007","PC","Percentage","0","Units",,,6.85,,
"TUR","Turkey","ENT4","Share of women inventors","WOMEN","Women","TOTAL","Total","2008","2008","PC","Percentage","0","Units",,,7.04,,
"TUR","Turkey","ENT4","Share of women inventors","WOMEN","Women","TOTAL","Total","2009","2009","PC","Percentage","0","Units",,,7.57,,
"TUR","Turkey","ENT4","Share of women inventors","WOMEN","Women","TOTAL","Total","2010","2010","PC","Percentage","0","Units",,,8.26,,
"TUR","Turkey","ENT4","Share of women inventors","WOMEN","Women","TOTAL","Total","2011","2011","PC","Percentage","0","Units",,,8.67,,
"TUR","Turkey","ENT4","Share of women inventors","WOMEN","Women","TOTAL","Total","2012","2012","PC","Percentage","0","Units",,,8.67,,
"TUR","Turkey","ENT4","Share of women inventors","WOMEN","Women","TOTAL","Total","2013","2013","PC","Percentage","0","Units",,,9.73,,
"TUR","Turkey","ENT4","Share of women inventors","WOMEN","Women","TOTAL","Total","2014","2014","PC","Percentage","0","Units",,,11.02,,
"TUR","Turkey","ENT4","Share of women inventors","WOMEN","Women","TOTAL","Total","2015","2015","PC","Percentage","0","Units",,,12.65,,
"TUR","Turkey","ENT4","Share of women inventors","WOMEN","Women","TOTAL","Total","2016","2016","PC","Percentage","0","Units",,,13.14,,
"TUR","Turkey","ENT4","Share of women inventors","WOMEN","Women","TOTAL","Total","2017","2017","PC","Percentage","0","Units",,,13.45,,
"ITA","Italy","ENT4","Share of women inventors","WOMEN","Women","TOTAL","Total","2000","2000","PC","Percentage","0","Units",,,7.96,,
"ITA","Italy","ENT4","Share of women inventors","WOMEN","Women","TOTAL","Total","2001","2001","PC","Percentage","0","Units",,,8.22,,
"ITA","Italy","ENT4","Share of women inventors","WOMEN","Women","TOTAL","Total","2002","2002","PC","Percentage","0","Units",,,8.38,,
"ITA","Italy","ENT4","Share of women inventors","WOMEN","Women","TOTAL","Total","2003","2003","PC","Percentage","0","Units",,,8.51,,
"ITA","Italy","ENT4","Share of women inventors","WOMEN","Women","TOTAL","Total","2004","2004","PC","Percentage","0","Units",,,8.89,,
"ITA","Italy","ENT4","Share of women inventors","WOMEN","Women","TOTAL","Total","2005","2005","PC","Percentage","0","Units",,,9.03,,
"ITA","Italy","ENT4","Share of women inventors","WOMEN","Women","TOTAL","Total","2006","2006","PC","Percentage","0","Units",,,9.1,,
"ITA","Italy","ENT4","Share of women inventors","WOMEN","Women","TOTAL","Total","2007","2007","PC","Percentage","0","Units",,,9.25,,
"ITA","Italy","ENT4","Share of women inventors","WOMEN","Women","TOTAL","Total","2008","2008","PC","Percentage","0","Units",,,9.3,,
"ITA","Italy","ENT4","Share of women inventors","WOMEN","Women","TOTAL","Total","2009","2009","PC","Percentage","0","Units",,,9.46,,
"ITA","Italy","ENT4","Share of women inventors","WOMEN","Women","TOTAL","Total","2010","2010","PC","Percentage","0","Units",,,9.9,,
"ITA","Italy","ENT4","Share of women inventors","WOMEN","Women","TOTAL","Total","2011","2011","PC","Percentage","0","Units",,,10.02,,
"ITA","Italy","ENT4","Share of women inventors","WOMEN","Women","TOTAL","Total","2012","2012","PC","Percentage","0","Units",,,10.12,,
"ITA","Italy","ENT4","Share of women inventors","WOMEN","Women","TOTAL","Total","2013","2013","PC","Percentage","0","Units",,,9.86,,
"ITA","Italy","ENT4","Share of women inventors","WOMEN","Women","TOTAL","Total","2014","2014","PC","Percentage","0","Units",,,9.86,,
"ITA","Italy","ENT4","Share of women inventors","WOMEN","Women","TOTAL","Total","2015","2015","PC","Percentage","0","Units",,,9.59,,
"ITA","Italy","ENT4","Share of women inventors","WOMEN","Women","TOTAL","Total","2016","2016","PC","Percentage","0","Units",,,9.2,,
"ITA","Italy","ENT4","Share of women inventors","WOMEN","Women","TOTAL","Total","2017","2017","PC","Percentage","0","Units",,,8.92,,
"AUT","Austria","ENT4","Share of women inventors","WOMEN","Women","TOTAL","Total","2000","2000","PC","Percentage","0","Units",,,3.65,,
"AUT","Austria","ENT4","Share of women inventors","WOMEN","Women","TOTAL","Total","2001","2001","PC","Percentage","0","Units",,,4.1,,
"AUT","Austria","ENT4","Share of women inventors","WOMEN","Women","TOTAL","Total","2002","2002","PC","Percentage","0","Units",,,4.44,,
"AUT","Austria","ENT4","Share of women inventors","WOMEN","Women","TOTAL","Total","2003","2003","PC","Percentage","0","Units",,,4.52,,
"AUT","Austria","ENT4","Share of women inventors","WOMEN","Women","TOTAL","Total","2004","2004","PC","Percentage","0","Units",,,4.49,,
"AUT","Austria","ENT4","Share of women inventors","WOMEN","Women","TOTAL","Total","2005","2005","PC","Percentage","0","Units",,,4.14,,
"AUT","Austria","ENT4","Share of women inventors","WOMEN","Women","TOTAL","Total","2006","2006","PC","Percentage","0","Units",,,4.22,,
"AUT","Austria","ENT4","Share of women inventors","WOMEN","Women","TOTAL","Total","2007","2007","PC","Percentage","0","Units",,,4.94,,
"AUT","Austria","ENT4","Share of women inventors","WOMEN","Women","TOTAL","Total","2008","2008","PC","Percentage","0","Units",,,4.99,,
"AUT","Austria","ENT4","Share of women inventors","WOMEN","Women","TOTAL","Total","2009","2009","PC","Percentage","0","Units",,,5.38,,
"AUT","Austria","ENT4","Share of women inventors","WOMEN","Women","TOTAL","Total","2010","2010","PC","Percentage","0","Units",,,5.47,,
"AUT","Austria","ENT4","Share of women inventors","WOMEN","Women","TOTAL","Total","2011","2011","PC","Percentage","0","Units",,,5.57,,
"AUT","Austria","ENT4","Share of women inventors","WOMEN","Women","TOTAL","Total","2012","2012","PC","Percentage","0","Units",,,5.41,,
"AUT","Austria","ENT4","Share of women inventors","WOMEN","Women","TOTAL","Total","2013","2013","PC","Percentage","0","Units",,,5.26,,
"AUT","Austria","ENT4","Share of women inventors","WOMEN","Women","TOTAL","Total","2014","2014","PC","Percentage","0","Units",,,5.27,,
"AUT","Austria","ENT4","Share of women inventors","WOMEN","Women","TOTAL","Total","2015","2015","PC","Percentage","0","Units",,,5.28,,
"AUT","Austria","ENT4","Share of women inventors","WOMEN","Women","TOTAL","Total","2016","2016","PC","Percentage","0","Units",,,5.34,,
"AUT","Austria","ENT4","Share of women inventors","WOMEN","Women","TOTAL","Total","2017","2017","PC","Percentage","0","Units",,,5.28,,
"SWE","Sweden","ENT4","Share of women inventors","WOMEN","Women","TOTAL","Total","2000","2000","PC","Percentage","0","Units",,,8.05,,
"SWE","Sweden","ENT4","Share of women inventors","WOMEN","Women","TOTAL","Total","2001","2001","PC","Percentage","0","Units",,,8.42,,
"SWE","Sweden","ENT4","Share of women inventors","WOMEN","Women","TOTAL","Total","2002","2002","PC","Percentage","0","Units",,,8.31,,
"SWE","Sweden","ENT4","Share of women inventors","WOMEN","Women","TOTAL","Total","2003","2003","PC","Percentage","0","Units",,,8.42,,
"SWE","Sweden","ENT4","Share of women inventors","WOMEN","Women","TOTAL","Total","2004","2004","PC","Percentage","0","Units",,,8.45,,
"SWE","Sweden","ENT4","Share of women inventors","WOMEN","Women","TOTAL","Total","2005","2005","PC","Percentage","0","Units",,,8.64,,
"SWE","Sweden","ENT4","Share of women inventors","WOMEN","Women","TOTAL","Total","2006","2006","PC","Percentage","0","Units",,,9.31,,
"SWE","Sweden","ENT4","Share of women inventors","WOMEN","Women","TOTAL","Total","2007","2007","PC","Percentage","0","Units",,,9.28,,
"SWE","Sweden","ENT4","Share of women inventors","WOMEN","Women","TOTAL","Total","2008","2008","PC","Percentage","0","Units",,,9.01,,
"SWE","Sweden","ENT4","Share of women inventors","WOMEN","Women","TOTAL","Total","2009","2009","PC","Percentage","0","Units",,,8.92,,
"SWE","Sweden","ENT4","Share of women inventors","WOMEN","Women","TOTAL","Total","2010","2010","PC","Percentage","0","Units",,,9.03,,
"SWE","Sweden","ENT4","Share of women inventors","WOMEN","Women","TOTAL","Total","2011","2011","PC","Percentage","0","Units",,,9.33,,
"SWE","Sweden","ENT4","Share of women inventors","WOMEN","Women","TOTAL","Total","2012","2012","PC","Percentage","0","Units",,,9.39,,
"SWE","Sweden","ENT4","Share of women inventors","WOMEN","Women","TOTAL","Total","2013","2013","PC","Percentage","0","Units",,,9.16,,
"SWE","Sweden","ENT4","Share of women inventors","WOMEN","Women","TOTAL","Total","2014","2014","PC","Percentage","0","Units",,,9.27,,
"SWE","Sweden","ENT4","Share of women inventors","WOMEN","Women","TOTAL","Total","2015","2015","PC","Percentage","0","Units",,,9.17,,
"SWE","Sweden","ENT4","Share of women inventors","WOMEN","Women","TOTAL","Total","2016","2016","PC","Percentage","0","Units",,,9.61,,
"SWE","Sweden","ENT4","Share of women inventors","WOMEN","Women","TOTAL","Total","2017","2017","PC","Percentage","0","Units",,,9.56,,
"SVN","Slovenia","ENT4","Share of women inventors","WOMEN","Women","TOTAL","Total","2000","2000","PC","Percentage","0","Units",,,8.49,,
"SVN","Slovenia","ENT4","Share of women inventors","WOMEN","Women","TOTAL","Total","2001","2001","PC","Percentage","0","Units",,,10.26,,
"SVN","Slovenia","ENT4","Share of women inventors","WOMEN","Women","TOTAL","Total","2002","2002","PC","Percentage","0","Units",,,11.24,,
"SVN","Slovenia","ENT4","Share of women inventors","WOMEN","Women","TOTAL","Total","2003","2003","PC","Percentage","0","Units",,,12.29,,
"SVN","Slovenia","ENT4","Share of women inventors","WOMEN","Women","TOTAL","Total","2004","2004","PC","Percentage","0","Units",,,13.99,,
"SVN","Slovenia","ENT4","Share of women inventors","WOMEN","Women","TOTAL","Total","2005","2005","PC","Percentage","0","Units",,,14.27,,
"SVN","Slovenia","ENT4","Share of women inventors","WOMEN","Women","TOTAL","Total","2006","2006","PC","Percentage","0","Units",,,15.34,,
"SVN","Slovenia","ENT4","Share of women inventors","WOMEN","Women","TOTAL","Total","2007","2007","PC","Percentage","0","Units",,,14.26,,
"SVN","Slovenia","ENT4","Share of women inventors","WOMEN","Women","TOTAL","Total","2008","2008","PC","Percentage","0","Units",,,14.53,,
"SVN","Slovenia","ENT4","Share of women inventors","WOMEN","Women","TOTAL","Total","2009","2009","PC","Percentage","0","Units",,,13.54,,
"SVN","Slovenia","ENT4","Share of women inventors","WOMEN","Women","TOTAL","Total","2010","2010","PC","Percentage","0","Units",,,13.64,,
"SVN","Slovenia","ENT4","Share of women inventors","WOMEN","Women","TOTAL","Total","2011","2011","PC","Percentage","0","Units",,,12.4,,
"SVN","Slovenia","ENT4","Share of women inventors","WOMEN","Women","TOTAL","Total","2012","2012","PC","Percentage","0","Units",,,11.19,,
"SVN","Slovenia","ENT4","Share of women inventors","WOMEN","Women","TOTAL","Total","2013","2013","PC","Percentage","0","Units",,,11.15,,
"SVN","Slovenia","ENT4","Share of women inventors","WOMEN","Women","TOTAL","Total","2014","2014","PC","Percentage","0","Units",,,10.53,,
"SVN","Slovenia","ENT4","Share of women inventors","WOMEN","Women","TOTAL","Total","2015","2015","PC","Percentage","0","Units",,,11.24,,
"SVN","Slovenia","ENT4","Share of women inventors","WOMEN","Women","TOTAL","Total","2016","2016","PC","Percentage","0","Units",,,9.68,,
"SVN","Slovenia","ENT4","Share of women inventors","WOMEN","Women","TOTAL","Total","2017","2017","PC","Percentage","0","Units",,,9.78,,
"DEU","Germany","ENT4","Share of women inventors","WOMEN","Women","TOTAL","Total","2000","2000","PC","Percentage","0","Units",,,5.26835,,
"DEU","Germany","ENT4","Share of women inventors","WOMEN","Women","TOTAL","Total","2001","2001","PC","Percentage","0","Units",,,5.35887,,
"DEU","Germany","ENT4","Share of women inventors","WOMEN","Women","TOTAL","Total","2002","2002","PC","Percentage","0","Units",,,5.46466,,
"DEU","Germany","ENT4","Share of women inventors","WOMEN","Women","TOTAL","Total","2003","2003","PC","Percentage","0","Units",,,5.3868,,
"DEU","Germany","ENT4","Share of women inventors","WOMEN","Women","TOTAL","Total","2004","2004","PC","Percentage","0","Units",,,5.39114,,
"DEU","Germany","ENT4","Share of women inventors","WOMEN","Women","TOTAL","Total","2005","2005","PC","Percentage","0","Units",,,5.39419,,
"DEU","Germany","ENT4","Share of women inventors","WOMEN","Women","TOTAL","Total","2006","2006","PC","Percentage","0","Units",,,5.55,,
"DEU","Germany","ENT4","Share of women inventors","WOMEN","Women","TOTAL","Total","2007","2007","PC","Percentage","0","Units",,,5.73,,
"DEU","Germany","ENT4","Share of women inventors","WOMEN","Women","TOTAL","Total","2008","2008","PC","Percentage","0","Units",,,5.83,,
"DEU","Germany","ENT4","Share of women inventors","WOMEN","Women","TOTAL","Total","2009","2009","PC","Percentage","0","Units",,,6.07,,
"DEU","Germany","ENT4","Share of women inventors","WOMEN","Women","TOTAL","Total","2010","2010","PC","Percentage","0","Units",,,6.19,,
"DEU","Germany","ENT4","Share of women inventors","WOMEN","Women","TOTAL","Total","2011","2011","PC","Percentage","0","Units",,,6.27,,
"DEU","Germany","ENT4","Share of women inventors","WOMEN","Women","TOTAL","Total","2012","2012","PC","Percentage","0","Units",,,6.27,,
"DEU","Germany","ENT4","Share of women inventors","WOMEN","Women","TOTAL","Total","2013","2013","PC","Percentage","0","Units",,,6.39,,
"DEU","Germany","ENT4","Share of women inventors","WOMEN","Women","TOTAL","Total","2014","2014","PC","Percentage","0","Units",,,6.5,,
"DEU","Germany","ENT4","Share of women inventors","WOMEN","Women","TOTAL","Total","2015","2015","PC","Percentage","0","Units",,,6.83,,
"DEU","Germany","ENT4","Share of women inventors","WOMEN","Women","TOTAL","Total","2016","2016","PC","Percentage","0","Units",,,7.08,,
"DEU","Germany","ENT4","Share of women inventors","WOMEN","Women","TOTAL","Total","2017","2017","PC","Percentage","0","Units",,,7.31,,
"NOR","Norway","ENT4","Share of women inventors","WOMEN","Women","TOTAL","Total","2000","2000","PC","Percentage","0","Units",,,5.36,,
"NOR","Norway","ENT4","Share of women inventors","WOMEN","Women","TOTAL","Total","2001","2001","PC","Percentage","0","Units",,,5.32,,
"NOR","Norway","ENT4","Share of women inventors","WOMEN","Women","TOTAL","Total","2002","2002","PC","Percentage","0","Units",,,5.69,,
"NOR","Norway","ENT4","Share of women inventors","WOMEN","Women","TOTAL","Total","2003","2003","PC","Percentage","0","Units",,,5.47,,
"NOR","Norway","ENT4","Share of women inventors","WOMEN","Women","TOTAL","Total","2004","2004","PC","Percentage","0","Units",,,6.04,,
"NOR","Norway","ENT4","Share of women inventors","WOMEN","Women","TOTAL","Total","2005","2005","PC","Percentage","0","Units",,,6.36,,
"NOR","Norway","ENT4","Share of women inventors","WOMEN","Women","TOTAL","Total","2006","2006","PC","Percentage","0","Units",,,7.41,,
"NOR","Norway","ENT4","Share of women inventors","WOMEN","Women","TOTAL","Total","2007","2007","PC","Percentage","0","Units",,,7.91,,
"NOR","Norway","ENT4","Share of women inventors","WOMEN","Women","TOTAL","Total","2008","2008","PC","Percentage","0","Units",,,7.65,,
"NOR","Norway","ENT4","Share of women inventors","WOMEN","Women","TOTAL","Total","2009","2009","PC","Percentage","0","Units",,,7.67,,
"NOR","Norway","ENT4","Share of women inventors","WOMEN","Women","TOTAL","Total","2010","2010","PC","Percentage","0","Units",,,7.3,,
"NOR","Norway","ENT4","Share of women inventors","WOMEN","Women","TOTAL","Total","2011","2011","PC","Percentage","0","Units",,,7.03,,
"NOR","Norway","ENT4","Share of women inventors","WOMEN","Women","TOTAL","Total","2012","2012","PC","Percentage","0","Units",,,6.71,,
"NOR","Norway","ENT4","Share of women inventors","WOMEN","Women","TOTAL","Total","2013","2013","PC","Percentage","0","Units",,,6.82,,
"NOR","Norway","ENT4","Share of women inventors","WOMEN","Women","TOTAL","Total","2014","2014","PC","Percentage","0","Units",,,7.07,,
"NOR","Norway","ENT4","Share of women inventors","WOMEN","Women","TOTAL","Total","2015","2015","PC","Percentage","0","Units",,,7.27,,
"NOR","Norway","ENT4","Share of women inventors","WOMEN","Women","TOTAL","Total","2016","2016","PC","Percentage","0","Units",,,7.68,,
"NOR","Norway","ENT4","Share of women inventors","WOMEN","Women","TOTAL","Total","2017","2017","PC","Percentage","0","Units",,,7.98,,
"CHL","Chile","ENT4","Share of women inventors","WOMEN","Women","TOTAL","Total","2000","2000","PC","Percentage","0","Units",,,5.32,,
"CHL","Chile","ENT4","Share of women inventors","WOMEN","Women","TOTAL","Total","2001","2001","PC","Percentage","0","Units",,,8.46,,
"CHL","Chile","ENT4","Share of women inventors","WOMEN","Women","TOTAL","Total","2002","2002","PC","Percentage","0","Units",,,8.7,,
"CHL","Chile","ENT4","Share of women inventors","WOMEN","Women","TOTAL","Total","2003","2003","PC","Percentage","0","Units",,,9.02,,
"CHL","Chile","ENT4","Share of women inventors","WOMEN","Women","TOTAL","Total","2004","2004","PC","Percentage","0","Units",,,6.84,,
"CHL","Chile","ENT4","Share of women inventors","WOMEN","Women","TOTAL","Total","2005","2005","PC","Percentage","0","Units",,,5.91,,
"CHL","Chile","ENT4","Share of women inventors","WOMEN","Women","TOTAL","Total","2006","2006","PC","Percentage","0","Units",,,8.7,,
"CHL","Chile","ENT4","Share of women inventors","WOMEN","Women","TOTAL","Total","2007","2007","PC","Percentage","0","Units",,,14.96,,
"CHL","Chile","ENT4","Share of women inventors","WOMEN","Women","TOTAL","Total","2008","2008","PC","Percentage","0","Units",,,13.32,,
"CHL","Chile","ENT4","Share of women inventors","WOMEN","Women","TOTAL","Total","2009","2009","PC","Percentage","0","Units",,,12.96,,
"CHL","Chile","ENT4","Share of women inventors","WOMEN","Women","TOTAL","Total","2010","2010","PC","Percentage","0","Units",,,9.89,,
"CHL","Chile","ENT4","Share of women inventors","WOMEN","Women","TOTAL","Total","2011","2011","PC","Percentage","0","Units",,,10.51,,
"CHL","Chile","ENT4","Share of women inventors","WOMEN","Women","TOTAL","Total","2012","2012","PC","Percentage","0","Units",,,10.68,,
"CHL","Chile","ENT4","Share of women inventors","WOMEN","Women","TOTAL","Total","2013","2013","PC","Percentage","0","Units",,,12.63,,
"CHL","Chile","ENT4","Share of women inventors","WOMEN","Women","TOTAL","Total","2014","2014","PC","Percentage","0","Units",,,13.59,,
"CHL","Chile","ENT4","Share of women inventors","WOMEN","Women","TOTAL","Total","2015","2015","PC","Percentage","0","Units",,,15.87,,
"CHL","Chile","ENT4","Share of women inventors","WOMEN","Women","TOTAL","Total","2016","2016","PC","Percentage","0","Units",,,15.97,,
"CHL","Chile","ENT4","Share of women inventors","WOMEN","Women","TOTAL","Total","2017","2017","PC","Percentage","0","Units",,,16.55,,
"LVA","Latvia","ENT4","Share of women inventors","WOMEN","Women","TOTAL","Total","2000","2000","PC","Percentage","0","Units",,,24.10254,,
"LVA","Latvia","ENT4","Share of women inventors","WOMEN","Women","TOTAL","Total","2001","2001","PC","Percentage","0","Units",,,21.94903,,
"LVA","Latvia","ENT4","Share of women inventors","WOMEN","Women","TOTAL","Total","2002","2002","PC","Percentage","0","Units",,,22.56267,,
"LVA","Latvia","ENT4","Share of women inventors","WOMEN","Women","TOTAL","Total","2003","2003","PC","Percentage","0","Units",,,21.31213,,
"LVA","Latvia","ENT4","Share of women inventors","WOMEN","Women","TOTAL","Total","2004","2004","PC","Percentage","0","Units",,,22.28777,,
"LVA","Latvia","ENT4","Share of women inventors","WOMEN","Women","TOTAL","Total","2005","2005","PC","Percentage","0","Units",,,21.0154,,
"LVA","Latvia","ENT4","Share of women inventors","WOMEN","Women","TOTAL","Total","2006","2006","PC","Percentage","0","Units",,,23.97,,
"LVA","Latvia","ENT4","Share of women inventors","WOMEN","Women","TOTAL","Total","2007","2007","PC","Percentage","0","Units",,,22.7,,
"LVA","Latvia","ENT4","Share of women inventors","WOMEN","Women","TOTAL","Total","2008","2008","PC","Percentage","0","Units",,,24.89,,
"LVA","Latvia","ENT4","Share of women inventors","WOMEN","Women","TOTAL","Total","2009","2009","PC","Percentage","0","Units",,,24.67,,
"LVA","Latvia","ENT4","Share of women inventors","WOMEN","Women","TOTAL","Total","2010","2010","PC","Percentage","0","Units",,,27.03,,
"LVA","Latvia","ENT4","Share of women inventors","WOMEN","Women","TOTAL","Total","2011","2011","PC","Percentage","0","Units",,,25.6,,
"LVA","Latvia","ENT4","Share of women inventors","WOMEN","Women","TOTAL","Total","2012","2012","PC","Percentage","0","Units",,,27.42,,
"LVA","Latvia","ENT4","Share of women inventors","WOMEN","Women","TOTAL","Total","2013","2013","PC","Percentage","0","Units",,,28.29,,
"LVA","Latvia","ENT4","Share of women inventors","WOMEN","Women","TOTAL","Total","2014","2014","PC","Percentage","0","Units",,,29.59,,
"LVA","Latvia","ENT4","Share of women inventors","WOMEN","Women","TOTAL","Total","2015","2015","PC","Percentage","0","Units",,,26.48,,
"LVA","Latvia","ENT4","Share of women inventors","WOMEN","Women","TOTAL","Total","2016","2016","PC","Percentage","0","Units",,,27.31,,
"LVA","Latvia","ENT4","Share of women inventors","WOMEN","Women","TOTAL","Total","2017","2017","PC","Percentage","0","Units",,,26.53,,
"OECD","OECD - Total","ENT4","Share of women inventors","WOMEN","Women","TOTAL","Total","2000","2000","PC","Percentage","0","Units",,,8.34,,
"OECD","OECD - Total","ENT4","Share of women inventors","WOMEN","Women","TOTAL","Total","2001","2001","PC","Percentage","0","Units",,,8.69,,
"OECD","OECD - Total","ENT4","Share of women inventors","WOMEN","Women","TOTAL","Total","2002","2002","PC","Percentage","0","Units",,,8.91,,
"OECD","OECD - Total","ENT4","Share of women inventors","WOMEN","Women","TOTAL","Total","2003","2003","PC","Percentage","0","Units",,,9.14,,
"OECD","OECD - Total","ENT4","Share of women inventors","WOMEN","Women","TOTAL","Total","2004","2004","PC","Percentage","0","Units",,,9.22,,
"OECD","OECD - Total","ENT4","Share of women inventors","WOMEN","Women","TOTAL","Total","2005","2005","PC","Percentage","0","Units",,,9.32,,
"OECD","OECD - Total","ENT4","Share of women inventors","WOMEN","Women","TOTAL","Total","2006","2006","PC","Percentage","0","Units",,,10.29,,
"OECD","OECD - Total","ENT4","Share of women inventors","WOMEN","Women","TOTAL","Total","2007","2007","PC","Percentage","0","Units",,,10.63,,
"OECD","OECD - Total","ENT4","Share of women inventors","WOMEN","Women","TOTAL","Total","2008","2008","PC","Percentage","0","Units",,,10.6,,
"OECD","OECD - Total","ENT4","Share of women inventors","WOMEN","Women","TOTAL","Total","2009","2009","PC","Percentage","0","Units",,,10.59,,
"OECD","OECD - Total","ENT4","Share of women inventors","WOMEN","Women","TOTAL","Total","2010","2010","PC","Percentage","0","Units",,,10.81,,
"OECD","OECD - Total","ENT4","Share of women inventors","WOMEN","Women","TOTAL","Total","2011","2011","PC","Percentage","0","Units",,,10.87,,
"OECD","OECD - Total","ENT4","Share of women inventors","WOMEN","Women","TOTAL","Total","2012","2012","PC","Percentage","0","Units",,,10.95,,
"OECD","OECD - Total","ENT4","Share of women inventors","WOMEN","Women","TOTAL","Total","2013","2013","PC","Percentage","0","Units",,,11.14,,
"OECD","OECD - Total","ENT4","Share of women inventors","WOMEN","Women","TOTAL","Total","2014","2014","PC","Percentage","0","Units",,,11.32,,
"OECD","OECD - Total","ENT4","Share of women inventors","WOMEN","Women","TOTAL","Total","2015","2015","PC","Percentage","0","Units",,,11.42,,
"OECD","OECD - Total","ENT4","Share of women inventors","WOMEN","Women","TOTAL","Total","2016","2016","PC","Percentage","0","Units",,,11.4,,
"OECD","OECD - Total","ENT4","Share of women inventors","WOMEN","Women","TOTAL","Total","2017","2017","PC","Percentage","0","Units",,,11.36,,
"LTU","Lithuania","ENT4","Share of women inventors","WOMEN","Women","TOTAL","Total","2007","2007","PC","Percentage","0","Units",,,15.8,,
"LTU","Lithuania","ENT4","Share of women inventors","WOMEN","Women","TOTAL","Total","2008","2008","PC","Percentage","0","Units",,,14.23,,
"LTU","Lithuania","ENT4","Share of women inventors","WOMEN","Women","TOTAL","Total","2009","2009","PC","Percentage","0","Units",,,12.35,,
"LTU","Lithuania","ENT4","Share of women inventors","WOMEN","Women","TOTAL","Total","2010","2010","PC","Percentage","0","Units",,,11.89,,
"LTU","Lithuania","ENT4","Share of women inventors","WOMEN","Women","TOTAL","Total","2011","2011","PC","Percentage","0","Units",,,12.13,,
"LTU","Lithuania","ENT4","Share of women inventors","WOMEN","Women","TOTAL","Total","2012","2012","PC","Percentage","0","Units",,,13.35,,
"LTU","Lithuania","ENT4","Share of women inventors","WOMEN","Women","TOTAL","Total","2013","2013","PC","Percentage","0","Units",,,14.59,,
"LTU","Lithuania","ENT4","Share of women inventors","WOMEN","Women","TOTAL","Total","2014","2014","PC","Percentage","0","Units",,,16.16,,
"LTU","Lithuania","ENT4","Share of women inventors","WOMEN","Women","TOTAL","Total","2015","2015","PC","Percentage","0","Units",,,15.47,,
"LTU","Lithuania","ENT4","Share of women inventors","WOMEN","Women","TOTAL","Total","2016","2016","PC","Percentage","0","Units",,,14.23,,
"LTU","Lithuania","ENT4","Share of women inventors","WOMEN","Women","TOTAL","Total","2017","2017","PC","Percentage","0","Units",,,13.11,,
